,url,readme_location,saved_as,language
0,https://github.com/octobox/octobox,README.md,octobox.octobox.md,
1,https://github.com/franklinted/k-vim,README.md,franklinted.k-vim.md,
2,https://github.com/raphaelmun/mmbot,README.md,raphaelmun.mmbot.md,
3,https://github.com/zerotri/CHIP_IO,README.rst,zerotri.CHIP_IO.rst,
4,https://github.com/OR13/OpenCyc,README.md,OR13.OpenCyc.md,
5,https://github.com/pescarcena/ui-date,README.md,pescarcena.ui-date.md,
6,https://github.com/shyiko/opentype.js,README.md,shyiko.opentype.js.md,
7,https://github.com/jasonmit/flexi,README.md,jasonmit.flexi.md,
8,https://github.com/zawsx/gui-bootstrap-material-design-1,README.md,zawsx.gui-bootstrap-material-design-1.md,
9,https://github.com/skitterm/map-tour-storytelling-template-js,README.md,skitterm.map-tour-storytelling-template-js.md,
10,https://github.com/ddikman/enable-media-replace,README.md,ddikman.enable-media-replace.md,
11,https://github.com/PanagiotisDrakatos/JavaRansomware,README.md,PanagiotisDrakatos.JavaRansomware.md,
12,https://github.com/humandesign01/material-components-web,README.md,humandesign01.material-components-web.md,
13,https://github.com/destenson/googlesamples--android-Camera2Basic,README.md,destenson.googlesamples--android-Camera2Basic.md,
14,https://github.com/butterflyology/rr-literate-programming,README.md,butterflyology.rr-literate-programming.md,
15,https://github.com/shkodskihk/fatfree,readme.md,shkodskihk.fatfree.md,
16,https://github.com/JeffreyRuder/neveragaindottech.github.io,README.md,JeffreyRuder.neveragaindottech.github.io.md,
17,https://github.com/PurpleDogEnterprises/electron,README.md,PurpleDogEnterprises.electron.md,
18,https://github.com/aoben10/Popular-movies,README.md,aoben10.Popular-movies.md,
19,https://github.com/eyalfishler/winctl,README.md,eyalfishler.winctl.md,
20,https://github.com/Codetector1374/RostockMaxV2-Marlin,README.md,Codetector1374.RostockMaxV2-Marlin.md,
21,https://github.com/newpoo/rocksplicator,README.md,newpoo.rocksplicator.md,
22,https://github.com/juliuste/sncf,readme.md,juliuste.sncf.md,
23,https://github.com/jakedahn/cloudenvy,README.md,jakedahn.cloudenvy.md,
24,https://github.com/artisson/zf2-twitter-bootstrap-module,README.md,artisson.zf2-twitter-bootstrap-module.md,
25,https://github.com/iAcquire/jquery-data-table,README.md,iAcquire.jquery-data-table.md,
26,https://github.com/benjohnde/play-pdf,README.md,benjohnde.play-pdf.md,
27,https://github.com/rst/android-plugin,README.md,rst.android-plugin.md,
28,https://github.com/rafael/hubot,README.md,rafael.hubot.md,
29,https://github.com/BernardoF/bootstrap,README.md,BernardoF.bootstrap.md,
30,https://github.com/caolan/jam,README.md,caolan.jam.md,
31,https://github.com/ariskin/django-schedule,README.textile,ariskin.django-schedule.textile,
32,https://github.com/doubleotoo/gh,README.md,doubleotoo.gh.md,
33,https://github.com/jeremyrichardson88/vanity,README.rdoc,jeremyrichardson88.vanity.rdoc,
34,https://github.com/bloveless/grackle,README.rdoc,bloveless.grackle.rdoc,
35,https://github.com/CrabDude/node-orm,README.md,CrabDude.node-orm.md,
36,https://github.com/stevewithington/Slatwall,readme.md,stevewithington.Slatwall.md,
37,https://github.com/earlonrails/prawn,README.md,earlonrails.prawn.md,
38,https://github.com/rnaud/apn_on_rails,README.textile,rnaud.apn_on_rails.textile,
39,https://github.com/craigtsmith/mm-devise,README.markdown,craigtsmith.mm-devise.markdown,
40,https://github.com/nellaivijay/leiningen,README.md,nellaivijay.leiningen.md,
41,https://github.com/ql-io/npmjs.org,README.md,ql-io.npmjs.org.md,
42,https://github.com/kevinzhoucn/magazine,README.rdoc,kevinzhoucn.magazine.rdoc,
43,https://github.com/danmey/odb,README.md,danmey.odb.md,
44,https://github.com/ttezel/snake,README.md,ttezel.snake.md,
45,https://github.com/overview/overview-server,README.md,overview.overview-server.md,
46,https://github.com/brunogamacatao/thumbnail,README.md,brunogamacatao.thumbnail.md,
47,https://github.com/edyan/xhgui,README.md,edyan.xhgui.md,
48,https://github.com/r-e-l-z/DumpFlash,README.md,r-e-l-z.DumpFlash.md,
49,https://github.com/dennisss/video.js,README.md,dennisss.video.js.md,
50,https://github.com/auranbuckles/sinatra-mvc-file-structure-v-000,README.md,auranbuckles.sinatra-mvc-file-structure-v-000.md,
51,https://github.com/tcwangshiqi/Dreamcatcher_Android_Aplication,README.md,tcwangshiqi.Dreamcatcher_Android_Aplication.md,
52,https://github.com/lg20081224/Luban,README.md,lg20081224.Luban.md,
53,https://github.com/Plop/pokelyzer,README.md,Plop.pokelyzer.md,
54,https://github.com/MahaKoala/gh-ost,README.md,MahaKoala.gh-ost.md,
55,https://github.com/widilolz/PokemonGo-Bot-SimpleGUI,README.md,widilolz.PokemonGo-Bot-SimpleGUI.md,
56,https://github.com/jango2015/AndroidUtilCode,README.md,jango2015.AndroidUtilCode.md,
57,https://github.com/bo-rc/SiK,README.markdown,bo-rc.SiK.markdown,
58,https://github.com/s0sh/satismeter-ios,README.md,s0sh.satismeter-ios.md,
59,https://github.com/MahaKoala/kit,README.md,MahaKoala.kit.md,
60,https://github.com/winner12263/Sencha-angular,README.md,winner12263.Sencha-angular.md,
61,https://github.com/dreamcatcher-cx/spring-security-oauth,README.md,dreamcatcher-cx.spring-security-oauth.md,
62,https://github.com/dieortin/MathematicalLabyrinth,README.md,dieortin.MathematicalLabyrinth.md,
63,https://github.com/bidah/storytime-feria,README.md,bidah.storytime-feria.md,
64,https://github.com/ttwo32/www.ruby-lang.org,README.md,ttwo32.www.ruby-lang.org.md,
65,https://github.com/craigcomstocks/webdriverio,README.md,craigcomstocks.webdriverio.md,
66,https://github.com/PGSwift/SwiftUIDemo,README.md,PGSwift.SwiftUIDemo.md,
67,https://github.com/supersoulasd/NecroBot,README.md,supersoulasd.NecroBot.md,
68,https://github.com/MahaKoala/ulid,README.md,MahaKoala.ulid.md,
69,https://github.com/thierbig/OpenPoGoBot,README.md,thierbig.OpenPoGoBot.md,
70,https://github.com/thamoui/A2Z-F15,README.md,thamoui.A2Z-F15.md,
71,https://github.com/maglo/kolla,README.rst,maglo.kolla.rst,
72,https://github.com/haritha28/Angular-Tutorial,README.md,haritha28.Angular-Tutorial.md,
73,https://github.com/marcofanciulli/bemyeyes-ios,README.md,marcofanciulli.bemyeyes-ios.md,
74,https://github.com/wuyuan001/ssdb,README.md,wuyuan001.ssdb.md,
75,https://github.com/daiguadaidai/MaxScale,README.md,daiguadaidai.MaxScale.md,
76,https://github.com/stevenocchipinti/fatlog,README.md,stevenocchipinti.fatlog.md,
77,https://github.com/hxyweikui/awesome-wechat-weapp,README.md,hxyweikui.awesome-wechat-weapp.md,
78,https://github.com/Alan0147/android-samples,README.md,Alan0147.android-samples.md,
79,https://github.com/githubwithme/dotnet-docker-samples,README.md,githubwithme.dotnet-docker-samples.md,
80,https://github.com/KristianI/Laravel-Excel,README.md,KristianI.Laravel-Excel.md,
81,https://github.com/yudan521/bootstrap-fileinput,README.md,yudan521.bootstrap-fileinput.md,
82,https://github.com/EmiyaGm/quick4j,README.md,EmiyaGm.quick4j.md,
83,https://github.com/nishadi/spark-sql-perf,README.md,nishadi.spark-sql-perf.md,
84,https://github.com/smj227227/incubator-rocketmq,README.md,smj227227.incubator-rocketmq.md,
85,https://github.com/leen89757/TrueCraft,README.md,leen89757.TrueCraft.md,
86,https://github.com/nagukothapalli/java-design-patterns,README.md,nagukothapalli.java-design-patterns.md,
87,https://github.com/Zhengjianglan/AspNetCoreRateLimit,README.md,Zhengjianglan.AspNetCoreRateLimit.md,
88,https://github.com/starmate/sonata-admin-extra-export-bundle,README.md,starmate.sonata-admin-extra-export-bundle.md,
89,https://github.com/LauRocky/mybatis-plus,README.md,LauRocky.mybatis-plus.md,
90,https://github.com/suryacaprice/laraadmin,README.md,suryacaprice.laraadmin.md,
91,https://github.com/itopa/SocketQueue,README.md,itopa.SocketQueue.md,
92,https://github.com/cugwyman/CDoc,README.MD,cugwyman.CDoc.MD,
93,https://github.com/MattHeard/Kalman-and-Bayesian-Filters-in-Python,README.md,MattHeard.Kalman-and-Bayesian-Filters-in-Python.md,
94,https://github.com/ReclaimerLabs/ReclaimerLabs_ADS1118,README.md,ReclaimerLabs.ReclaimerLabs_ADS1118.md,
95,https://github.com/tieusangaka/Context-Menu.Android,README.md,tieusangaka.Context-Menu.Android.md,
96,https://github.com/LEECHIENKUAN/JSONExport,README.md,LEECHIENKUAN.JSONExport.md,
97,https://github.com/ahojlax/angularjs,README.md,ahojlax.angularjs.md,
98,https://github.com/shabesoglu/pxctest,README.md,shabesoglu.pxctest.md,
99,https://github.com/Awilonk/AndroidWidgets,README.md,Awilonk.AndroidWidgets.md,
100,https://github.com/bgruszka/PHPAntiSpam,README.md,bgruszka.PHPAntiSpam.md,
101,https://github.com/psug/dojos,README.md,psug.dojos.md,
102,https://github.com/bostonphp/PHP-Beginners-Book,readme.markdown,bostonphp.PHP-Beginners-Book.markdown,
103,https://github.com/lukeredpath/BlocksKit,README.md,lukeredpath.BlocksKit.md,
104,https://github.com/LTe/muzang,README.md,LTe.muzang.md,
105,https://github.com/jbraeuer/git_store,README.md,jbraeuer.git_store.md,
106,https://github.com/midocom/html5demos,README.markdown,midocom.html5demos.markdown,
107,https://github.com/AndrewVos/dotjs,README.markdown,AndrewVos.dotjs.markdown,
108,https://github.com/serverzen/ClueReleaseManager,README.rst,serverzen.ClueReleaseManager.rst,
109,https://github.com/siovene/django-persistent-messages,README.md,siovene.django-persistent-messages.md,
110,https://github.com/richardhundt/Peco,README.pod,richardhundt.Peco.pod,
111,https://github.com/m3nt0r/cakephp-redis-session,README.md,m3nt0r.cakephp-redis-session.md,
112,https://github.com/Blosc/c-blosc,README.md,Blosc.c-blosc.md,
113,https://github.com/zpdian/android-viewflow,README.md,zpdian.android-viewflow.md,
114,https://github.com/segun/yORM,README.markdown,segun.yORM.markdown,
115,https://github.com/kennym/emacs-starter-kit,README.markdown,kennym.emacs-starter-kit.markdown,
116,https://github.com/KiraValentine32/showoff,README.rdoc,KiraValentine32.showoff.rdoc,
117,https://github.com/ceari/borg-explorer,README.md,ceari.borg-explorer.md,
118,https://github.com/afeld/type-is,README.md,afeld.type-is.md,
119,https://github.com/LuiguiBalarezo/PrettySharedPreferences,README.md,LuiguiBalarezo.PrettySharedPreferences.md,
120,https://github.com/mohitsethi/vagrant-openstack-plugin,README.md,mohitsethi.vagrant-openstack-plugin.md,
121,https://github.com/LuiguiBalarezo/SwitchButton,README.md,LuiguiBalarezo.SwitchButton.md,
122,https://github.com/psyko0815/mimikatz,README.md,psyko0815.mimikatz.md,
123,https://github.com/Kust/gitbook,README.md,Kust.gitbook.md,
124,https://github.com/apurbana/ExData_Plotting1,README.md,apurbana.ExData_Plotting1.md,
125,https://github.com/olaobaju/swirl_courses,README.md,olaobaju.swirl_courses.md,
126,https://github.com/pbxrshd/marked,README.md,pbxrshd.marked.md,
127,https://github.com/alirezarahmani/jquery-cookie,README.md,alirezarahmani.jquery-cookie.md,
128,https://github.com/aspectron/insight,README.md,aspectron.insight.md,
129,https://github.com/ashleyt/chromecast-java-api-v2,README.md,ashleyt.chromecast-java-api-v2.md,
130,https://github.com/djavaui/ocLazyLoad,README.md,djavaui.ocLazyLoad.md,
131,https://github.com/dkhoriya/datepickr,README.md,dkhoriya.datepickr.md,
132,https://github.com/viztor/hackathon-starter,README.md,viztor.hackathon-starter.md,
133,https://github.com/bcraigen/TechMgmt2,README.md,bcraigen.TechMgmt2.md,
134,https://github.com/morefun0302/YoutubeExtractor,readme.md,morefun0302.YoutubeExtractor.md,
135,https://github.com/shakhawat4g/brackets,README.md,shakhawat4g.brackets.md,
136,https://github.com/diimpp/RollerworksMultiUserBundle,README.md,diimpp.RollerworksMultiUserBundle.md,
137,https://github.com/sdabuk/pykaldi,README.rst,sdabuk.pykaldi.rst,
138,https://github.com/andforce/AndroidSlidingUpPanel,README.md,andforce.AndroidSlidingUpPanel.md,
139,https://github.com/arjunmenon/clappr,README.md,arjunmenon.clappr.md,
140,https://github.com/betwar512/nodeJs,README.md,betwar512.nodeJs.md,
141,https://github.com/boygaggoo/Facebook-Login-Helper,README.md,boygaggoo.Facebook-Login-Helper.md,
142,https://github.com/tpsumeta/morris.js,README.md,tpsumeta.morris.js.md,
143,https://github.com/ridemouser/spark,README.md,ridemouser.spark.md,
144,https://github.com/LRPP/wagtail,README.rst,LRPP.wagtail.rst,
145,https://github.com/Forceflow/blaskan,readme.md,Forceflow.blaskan.md,
146,https://github.com/imryan/ios-tableview-sections-ios-0616,README.md,imryan.ios-tableview-sections-ios-0616.md,
147,https://github.com/metamaden/HM450_tools,README.md,metamaden.HM450_tools.md,
148,https://github.com/JacobMarshallPP/ui-mention,README.md,JacobMarshallPP.ui-mention.md,
149,https://github.com/gitter-badger/xwing,README.md,gitter-badger.xwing.md,
150,https://github.com/mattkrick/redux-persist,README.md,mattkrick.redux-persist.md,
151,https://github.com/mokkin/hopglass-server,README.md,mokkin.hopglass-server.md,
152,https://github.com/Eric013/hapi-webpack-plugin,readme.md,Eric013.hapi-webpack-plugin.md,
153,https://github.com/kirov/django-friendship,README.rst,kirov.django-friendship.rst,
154,https://github.com/jmemich/conda,README.rst,jmemich.conda.rst,
155,https://github.com/mauroarias/mnubo-python-sdk,README.md,mauroarias.mnubo-python-sdk.md,
156,https://github.com/eddelbuettel/useR-machine-learning-tutorial,README.md,eddelbuettel.useR-machine-learning-tutorial.md,
157,https://github.com/leaniman/adyen,README.md,leaniman.adyen.md,
158,https://github.com/gyeon/sinatra-mvc-file-structure-web-0616,README.md,gyeon.sinatra-mvc-file-structure-web-0616.md,
159,https://github.com/ptierno/bootprint-openapi,README.md,ptierno.bootprint-openapi.md,
160,https://github.com/sherpic/another-one-fucking-boilerplate,README.md,sherpic.another-one-fucking-boilerplate.md,
161,https://github.com/davidtsai130/intro-to-capybara-web-0616,README.md,davidtsai130.intro-to-capybara-web-0616.md,
162,https://github.com/TravisJN/twitch-js-sdk,README.md,TravisJN.twitch-js-sdk.md,
163,https://github.com/BeejLuig/html-map-contact-form-code-along-v-000,README.md,BeejLuig.html-map-contact-form-code-along-v-000.md,
164,https://github.com/NagiosEnterprises/autoconf-macros,README.md,NagiosEnterprises.autoconf-macros.md,
165,https://github.com/tophermade/uQuake1,README.md,tophermade.uQuake1.md,
166,https://github.com/devrj12/InterviewChallenge1,README.md,devrj12.InterviewChallenge1.md,
167,https://github.com/Niikwartey/rails-form_tag-readme-wdf-000,README.md,Niikwartey.rails-form_tag-readme-wdf-000.md,
168,https://github.com/vavies/SampleAssignment,README.md,vavies.SampleAssignment.md,
169,https://github.com/Codechimp404/skills-based-javascript-intro-to-flow-control-js-intro-000,README.md,Codechimp404.skills-based-javascript-intro-to-flow-control-js-intro-000.md,
170,https://github.com/trimonovds/Windows-universal-samples,README.md,trimonovds.Windows-universal-samples.md,
171,https://github.com/Juanriv45/ttt-with-ai-project-v-000,README.md,Juanriv45.ttt-with-ai-project-v-000.md,
172,https://github.com/tchryssos/rails-create-action-readme-web-0716,README.md,tchryssos.rails-create-action-readme-web-0716.md,
173,https://github.com/tophermade/uQuake3,README.md,tophermade.uQuake3.md,
174,https://github.com/3rinN3lson/ai-tree-plugin,README.md,3rinN3lson.ai-tree-plugin.md,
175,https://github.com/EdgeApp/airbitz-core-js-ui-old,readme.md,EdgeApp.airbitz-core-js-ui-old.md,
176,https://github.com/lgants/rails-form_tag-readme-web-0716,README.md,lgants.rails-form_tag-readme-web-0716.md,
177,https://github.com/shekh-akther/dcos-vagrant,README.md,shekh-akther.dcos-vagrant.md,
178,https://github.com/Gilliam-EnterprisesLLC/MightyBoardFirmware,README.md,Gilliam-EnterprisesLLC.MightyBoardFirmware.md,
179,https://github.com/gwding/HeteroscedasticDropoutUncertainty,readme.md,gwding.HeteroscedasticDropoutUncertainty.md,
180,https://github.com/J-Issa1/CarFramework-DX11,README.md,J-Issa1.CarFramework-DX11.md,
181,https://github.com/sjtw/eve-singlesignon,README.md,sjtw.eve-singlesignon.md,
182,https://github.com/NixOS/nix-mode,README.md,NixOS.nix-mode.md,
183,https://github.com/gilbox/ios_twitter,README.md,gilbox.ios_twitter.md,
184,https://github.com/betrue-final-final/office-ui-fabric-react,README.md,betrue-final-final.office-ui-fabric-react.md,
185,https://github.com/cinesite/nanogui,README.md,cinesite.nanogui.md,
186,https://github.com/mmelo/generator-backbone,readme.md,mmelo.generator-backbone.md,
187,https://github.com/cnlgych/XCL-Charts,README.md,cnlgych.XCL-Charts.md,
188,https://github.com/YogeshJangir/bootstrap-tour,README.md,YogeshJangir.bootstrap-tour.md,
189,https://github.com/uzhy1987/RDVTabBarController,README.md,uzhy1987.RDVTabBarController.md,
190,https://github.com/moon-sky/SlideDateTimePicker,README.md,moon-sky.SlideDateTimePicker.md,
191,https://github.com/fblaze/bitcoin.org,README.md,fblaze.bitcoin.org.md,
192,https://github.com/christianalfoni/Pikaday,README.md,christianalfoni.Pikaday.md,
193,https://github.com/Librapp/EventBus,README.md,Librapp.EventBus.md,
194,https://github.com/peutetre/Custom-URL-scheme,README.md,peutetre.Custom-URL-scheme.md,
195,https://github.com/adtools/clib2,README.md,adtools.clib2.md,
196,https://github.com/narqo/bem-core,README.md,narqo.bem-core.md,
197,https://github.com/huanghaiyan/MJExtension,README.md,huanghaiyan.MJExtension.md,
198,https://github.com/htcuong/blackfriday,README.md,htcuong.blackfriday.md,
199,https://github.com/jichangwang/gc-viz,README.md,jichangwang.gc-viz.md,
200,https://github.com/marcominetti/miraclecast,README.md,marcominetti.miraclecast.md,
201,https://github.com/erictsai0925/styleguide,README.md,erictsai0925.styleguide.md,
202,https://github.com/gamehacker/awesome-python,README.md,gamehacker.awesome-python.md,
203,https://github.com/robversluis/PIMGento,README.md,robversluis.PIMGento.md,
204,https://github.com/mattak/SwiftMoment,README.md,mattak.SwiftMoment.md,
205,https://github.com/arvinddagar/acts_as_friendable,README.md,arvinddagar.acts_as_friendable.md,
206,https://github.com/jsyeo/Spot,README.md,jsyeo.Spot.md,
207,https://github.com/iAsuo/Carbon-Forum,README.md,iAsuo.Carbon-Forum.md,
208,https://github.com/AzharWeb/intl-tel-input,README.md,AzharWeb.intl-tel-input.md,
209,https://github.com/cnlgych/MPAndroidChart,README.md,cnlgych.MPAndroidChart.md,
210,https://github.com/shitou9999/CompressHelper,README.md,shitou9999.CompressHelper.md,
211,https://github.com/jspaine/atom-javascript-refactor,README.md,jspaine.atom-javascript-refactor.md,
212,https://github.com/sibext/icinga2-client-docker,README.md,sibext.icinga2-client-docker.md,
213,https://github.com/chargen/MonoGame,README.md,chargen.MonoGame.md,
214,https://github.com/shamste82/introduction-to-array-for-each-bootcamp-prep-000,README.md,shamste82.introduction-to-array-for-each-bootcamp-prep-000.md,
215,https://github.com/javaPr/neo4j-spark-connector,README.md,javaPr.neo4j-spark-connector.md,
216,https://github.com/sf99167/EQGRP,README.md,sf99167.EQGRP.md,
217,https://github.com/chargen/SSH.NET,README.md,chargen.SSH.NET.md,
218,https://github.com/chargen/keepassxc,README.md,chargen.keepassxc.md,
219,https://github.com/WooodHead/jscoverage,README.md,WooodHead.jscoverage.md,
220,https://github.com/AKMCC-hub/codeigniter-oauth2-server,README.md,AKMCC-hub.codeigniter-oauth2-server.md,
221,https://github.com/jl1014171068/web-mobile-placesearch,README.md,jl1014171068.web-mobile-placesearch.md,
222,https://github.com/One-com/resurrect-js,README.md,One-com.resurrect-js.md,
223,https://github.com/aryeh/sanic,README.rst,aryeh.sanic.rst,
224,https://github.com/mainaGioia/Xamarin-Navy,README.md,mainaGioia.Xamarin-Navy.md,
225,https://github.com/qianniuer/webpack,README.md,qianniuer.webpack.md,
226,https://github.com/YaProne/applied-prog-bachelor-course,README.md,YaProne.applied-prog-bachelor-course.md,
227,https://github.com/ALYREZA/docker-dns-ad-blocker,README.md,ALYREZA.docker-dns-ad-blocker.md,
228,https://github.com/hctym/linux-command,README.md,hctym.linux-command.md,
229,https://github.com/e0861280/poco,README.md,e0861280.poco.md,
230,https://github.com/arthurka-o/exirc,README.md,arthurka-o.exirc.md,
231,https://github.com/2917/Readmore.js,README.md,2917.Readmore.js.md,
232,https://github.com/Andy-Guo/beego-demo,README.md,Andy-Guo.beego-demo.md,
233,https://github.com/chrisenytc/mail-ws,README.md,chrisenytc.mail-ws.md,
234,https://github.com/natenorberg/monstercheckout_rails,README.md,natenorberg.monstercheckout_rails.md,
235,https://github.com/anupash/privseams,README.md,anupash.privseams.md,
236,https://github.com/bigcitypix/GPUImage,README.md,bigcitypix.GPUImage.md,
237,https://github.com/joelburget/shade,README.md,joelburget.shade.md,
238,https://github.com/mgmoody42/Net.TMDb,README.md,mgmoody42.Net.TMDb.md,
239,https://github.com/vov5558/VirtaCoinProject,README.md,vov5558.VirtaCoinProject.md,
240,https://github.com/FieldDB/oprime-montage,README.md,FieldDB.oprime-montage.md,
241,https://github.com/anaderi/FairSoft,README.md,anaderi.FairSoft.md,
242,https://github.com/bh/pytest_django,README.rst,bh.pytest_django.rst,
243,https://github.com/fastner/db,README.md,fastner.db.md,
244,https://github.com/ashgadala/WordPress-Skeleton,README.md,ashgadala.WordPress-Skeleton.md,
245,https://github.com/lucasvo/dotfiles,README.md,lucasvo.dotfiles.md,
246,https://github.com/GNOME/clutter,README.md,GNOME.clutter.md,
247,https://github.com/scottkduncan/presij-prelaunch-signup,README.rdoc,scottkduncan.presij-prelaunch-signup.rdoc,
248,https://github.com/fnarp/select2,README.md,fnarp.select2.md,
249,https://github.com/rabid-inventor/friendlyfruit,README.rst,rabid-inventor.friendlyfruit.rst,
250,https://github.com/jfenchong/grainstore,README.md,jfenchong.grainstore.md,
251,https://github.com/icespider/MGBox,README.markdown,icespider.MGBox.markdown,
252,https://github.com/bobknow/Alice,README.md,bobknow.Alice.md,
253,https://github.com/hollie/Marlin,README.md,hollie.Marlin.md,
254,https://github.com/Val9/forever,README.md,Val9.forever.md,
255,https://github.com/tbekolay/tbekolay.github.io,README.md,tbekolay.tbekolay.github.io.md,
256,https://github.com/bobknow/bbUI.js,README.md,bobknow.bbUI.js.md,
257,https://github.com/Val9/node-http-proxy,README.md,Val9.node-http-proxy.md,
258,https://github.com/Val9/director,README.md,Val9.director.md,
259,https://github.com/dwb/vim-go,README.md,dwb.vim-go.md,
260,https://github.com/Lanoli/logstash_aspnetcore,README.md,Lanoli.logstash_aspnetcore.md,
261,https://github.com/karimAlaa/medium-editor-markdown,README.md,karimAlaa.medium-editor-markdown.md,
262,https://github.com/cengjing/orderforms-standard_cart,README.md,cengjing.orderforms-standard_cart.md,
263,https://github.com/nicolaecodreanu/Asteroids,README.md,nicolaecodreanu.Asteroids.md,
264,https://github.com/rafaelpevidor/prime-ejb-crud,README.md,rafaelpevidor.prime-ejb-crud.md,
265,https://github.com/binque/bass,README.md,binque.bass.md,
266,https://github.com/fredericmarx/CSSclasses,README.md,fredericmarx.CSSclasses.md,
267,https://github.com/paulseddon/play-swagger,README.md,paulseddon.play-swagger.md,
268,https://github.com/rafaelpevidor/cdi-jsf-crud,README.md,rafaelpevidor.cdi-jsf-crud.md,
269,https://github.com/mfcardenas/python-misfit,README.rst,mfcardenas.python-misfit.rst,
270,https://github.com/jcamacaro/open_nsfw,README.md,jcamacaro.open_nsfw.md,
271,https://github.com/Natalisp/devise_pundit_lab-wdf-000,README.md,Natalisp.devise_pundit_lab-wdf-000.md,
272,https://github.com/byteshiva/consul-cookbook,README.md,byteshiva.consul-cookbook.md,
273,https://github.com/qingswu/sun-bcnn-vo,README.md,qingswu.sun-bcnn-vo.md,
274,https://github.com/VnayAI/js-deli-counter-bootcamp-prep-000,README.md,VnayAI.js-deli-counter-bootcamp-prep-000.md,
275,https://github.com/levyhoo/served,README.md,levyhoo.served.md,
276,https://github.com/jr198868/Exploratory-Data-Analysis---Peer-Graded-Assignment-Course-Project-2,README.md,jr198868.Exploratory-Data-Analysis---Peer-Graded-Assignment-Course-Project-2.md,
277,https://github.com/brivio/seaweedfs,README.md,brivio.seaweedfs.md,
278,https://github.com/Cartereurosolar/animsition,README.md,Cartereurosolar.animsition.md,
279,https://github.com/i25net/SpringView,README.md,i25net.SpringView.md,
280,https://github.com/kamelkev/CSSJSON,README.md,kamelkev.CSSJSON.md,
281,https://github.com/softtama/UWP_Tut_Proj_1,README.md,softtama.UWP_Tut_Proj_1.md,
282,https://github.com/siderakis/AnormCypher,readme.md,siderakis.AnormCypher.md,
283,https://github.com/fearlesstrek/FastDev4Android,README.md,fearlesstrek.FastDev4Android.md,
284,https://github.com/zulhilmixrahman/yii2,README.md,zulhilmixrahman.yii2.md,
285,https://github.com/annacapa/bootstrap,README.md,annacapa.bootstrap.md,
286,https://github.com/ryb73/babel,README.md,ryb73.babel.md,
287,https://github.com/clhodapp/finagle-oauth2,README.md,clhodapp.finagle-oauth2.md,
288,https://github.com/wangshuai112/logkafka,README.md,wangshuai112.logkafka.md,
289,https://github.com/nispring/SwipeTableView,README.md,nispring.SwipeTableView.md,
290,https://github.com/chillgis/air,README.md,chillgis.air.md,
291,https://github.com/SaboWong/MLeaksFinder,README.md,SaboWong.MLeaksFinder.md,
292,https://github.com/interz21/POGOserver,README.md,interz21.POGOserver.md,
293,https://github.com/Benjamin1987/material,README.md,Benjamin1987.material.md,
294,https://github.com/LubinWang/alex,README.md,LubinWang.alex.md,
295,https://github.com/i25net/RecyclerTabLayout,README.md,i25net.RecyclerTabLayout.md,
296,https://github.com/lengly/appHealth,README.md,lengly.appHealth.md,
297,https://github.com/weekeight/amphtml,README.md,weekeight.amphtml.md,
298,https://github.com/luosam1123/MMWormhole,README.md,luosam1123.MMWormhole.md,
299,https://github.com/vashrei/Neon,README.md,vashrei.Neon.md,
300,https://github.com/fletchto99/pebble-remind,README.md,fletchto99.pebble-remind.md,
301,https://github.com/col/iReSign,README.md,col.iReSign.md,
302,https://github.com/ludaye123/FDStackView,README.md,ludaye123.FDStackView.md,
303,https://github.com/vashrei/Popover,README.md,vashrei.Popover.md,
304,https://github.com/prasadpande1990/Data-Analysis-using-Hadoop,README.md,prasadpande1990.Data-Analysis-using-Hadoop.md,
305,https://github.com/Vivesoft/MVC-exam-70-486,README.md,Vivesoft.MVC-exam-70-486.md,
306,https://github.com/nadish21/OpenStudio-Prototype-Buildings,README.md,nadish21.OpenStudio-Prototype-Buildings.md,
307,https://github.com/mikepenz/android-basic-samples,README.md,mikepenz.android-basic-samples.md,
308,https://github.com/Jassbrain/angular,README.md,Jassbrain.angular.md,
309,https://github.com/xiaoxia1992/platform_bionic,README.md,xiaoxia1992.platform_bionic.md,
310,https://github.com/sailxjx/dnode,readme.markdown,sailxjx.dnode.markdown,
311,https://github.com/jhjunior/fedy,README.md,jhjunior.fedy.md,
312,https://github.com/susuLee/afinal,README.md,susuLee.afinal.md,
313,https://github.com/lizhil/JGulp,README.md,lizhil.JGulp.md,
314,https://github.com/kylixs/weui,README.md,kylixs.weui.md,
315,https://github.com/mehany/starter-laravel-angular,README.md,mehany.starter-laravel-angular.md,
316,https://github.com/ApisMellow/puppet-extlib,README.markdown,ApisMellow.puppet-extlib.markdown,
317,https://github.com/stargaser/RepData_PeerAssessment1,README.md,stargaser.RepData_PeerAssessment1.md,
318,https://github.com/lazylennon/quick-cocos2d-x,README.md,lazylennon.quick-cocos2d-x.md,
319,https://github.com/coytar/ArduinoOBD,README.md,coytar.ArduinoOBD.md,
320,https://github.com/primaapriansyah/label.css,README.md,primaapriansyah.label.css.md,
321,https://github.com/jackdevelop/Starling-UITool,README.md,jackdevelop.Starling-UITool.md,
322,https://github.com/heshucheng/cecho,README.md,heshucheng.cecho.md,
323,https://github.com/heshucheng/entop,README.md,heshucheng.entop.md,
324,https://github.com/wangchunjian/jquery-validation,README.md,wangchunjian.jquery-validation.md,
325,https://github.com/Mrzy/AndroidSideMenu,README.md,Mrzy.AndroidSideMenu.md,
326,https://github.com/Mrzy/droidex,README.markdown,Mrzy.droidex.markdown,
327,https://github.com/ashank/Android-SlideExpandableListView,README.md,ashank.Android-SlideExpandableListView.md,
328,https://github.com/heldr/grunt-properties,README.md,heldr.grunt-properties.md,
329,https://github.com/agrede/SAMIS,README.md,agrede.SAMIS.md,
330,https://github.com/ashank/DiskLruCache,README.md,ashank.DiskLruCache.md,
331,https://github.com/erinzobitz/facelook,README.rdoc,erinzobitz.facelook.rdoc,
332,https://github.com/earlavenue/bp,README.rdoc,earlavenue.bp.rdoc,
333,https://github.com/favila/congress,README.md,favila.congress.md,
334,https://github.com/easonoutlook/CocoaLumberjack,README.markdown,easonoutlook.CocoaLumberjack.markdown,
335,https://github.com/niftylettuce/wintersmith,readme.md,niftylettuce.wintersmith.md,
336,https://github.com/huzhennan/android2po,README.rst,huzhennan.android2po.rst,
337,https://github.com/YANGLUOTONG/learnGitBranching,README.md,YANGLUOTONG.learnGitBranching.md,
338,https://github.com/fullbuster18/montage,README.md,fullbuster18.montage.md,
339,https://github.com/ashank/android_page_curl,README.md,ashank.android_page_curl.md,
340,https://github.com/Mrzy/EventBus,README.md,Mrzy.EventBus.md,
341,https://github.com/Mrzy/StaggeredGridView,README.md,Mrzy.StaggeredGridView.md,
342,https://github.com/onloner/aria2,README.rst,onloner.aria2.rst,
343,https://github.com/xcvista/readown,README.markdown,xcvista.readown.markdown,
344,https://github.com/Dev24/first_app,README.rdoc,Dev24.first_app.rdoc,
345,https://github.com/ashank/c-geo-opensource,README.md,ashank.c-geo-opensource.md,
346,https://github.com/ashank/drag-sort-listview,README.md,ashank.drag-sort-listview.md,
347,https://github.com/trufflin/cocos2d-iphone,README.md,trufflin.cocos2d-iphone.md,
348,https://github.com/Mrzy/android-swipelistview,README.md,Mrzy.android-swipelistview.md,
349,https://github.com/Mrzy/gesture-imageview,README.rst,Mrzy.gesture-imageview.rst,
350,https://github.com/Coocora/elua,README.asciidoc,Coocora.elua.asciidoc,
351,https://github.com/Mrzy/ArcMenu,README.md,Mrzy.ArcMenu.md,
352,https://github.com/Mrzy/DataDroid,README.markdown,Mrzy.DataDroid.markdown,
353,https://github.com/ashank/android-flip,README.md,ashank.android-flip.md,
354,https://github.com/4nakin/NewsBlur,README.md,4nakin.NewsBlur.md,
355,https://github.com/ashank/PushSharp,README.md,ashank.PushSharp.md,
356,https://github.com/yiiprojectblueprints/chapter7,README.md,yiiprojectblueprints.chapter7.md,
357,https://github.com/yiiprojectblueprints/chapter6,README.md,yiiprojectblueprints.chapter6.md,
358,https://github.com/CrowdData/rdforms,README.md,CrowdData.rdforms.md,
359,https://github.com/yiiprojectblueprints/chapter5,README.md,yiiprojectblueprints.chapter5.md,
360,https://github.com/yiiprojectblueprints/chapter4,README.md,yiiprojectblueprints.chapter4.md,
361,https://github.com/yiiprojectblueprints/chapter3,README.md,yiiprojectblueprints.chapter3.md,
362,https://github.com/yiiprojectblueprints/chapter2,README.md,yiiprojectblueprints.chapter2.md,
363,https://github.com/yiiprojectblueprints/chapter1,README.md,yiiprojectblueprints.chapter1.md,
364,https://github.com/gerpayt/yii2-datetime-compare,README.md,gerpayt.yii2-datetime-compare.md,
365,https://github.com/ahmedbodi/solarcoin,README.md,ahmedbodi.solarcoin.md,
366,https://github.com/Yrp/prezto,README.md,Yrp.prezto.md,
367,https://github.com/Kimmyrae/wats1020-arrays-functions,README.md,Kimmyrae.wats1020-arrays-functions.md,
368,https://github.com/Bhavdip/Android-BluetoothSPPLibrary,README.md,Bhavdip.Android-BluetoothSPPLibrary.md,
369,https://github.com/1gitGrey/dotfiles-2,README.md,1gitGrey.dotfiles-2.md,
370,https://github.com/kevmoo/peanut.dart,README.md,kevmoo.peanut.dart.md,
371,https://github.com/dcb9/messageBoard,README.md,dcb9.messageBoard.md,
372,https://github.com/Blevene/logstash,README.md,Blevene.logstash.md,
373,https://github.com/sammyas/cadvisor,README.md,sammyas.cadvisor.md,
374,https://github.com/jpriebe/AudioRecorder,README.md,jpriebe.AudioRecorder.md,
375,https://github.com/minhthuanit/Shapes,README.md,minhthuanit.Shapes.md,
376,https://github.com/CreativeFolk/GorMonjeeTheme,README.md,CreativeFolk.GorMonjeeTheme.md,
377,https://github.com/focus2846/jadx,README.md,focus2846.jadx.md,
378,https://github.com/BuildAPE/node-browserify,readme.markdown,BuildAPE.node-browserify.markdown,
379,https://github.com/aoniao/lintcode,README.md,aoniao.lintcode.md,
380,https://github.com/Tony---Zhang/android-boilerplate,README.md,Tony---Zhang.android-boilerplate.md,
381,https://github.com/Halfnhav4/activeadmin,README.md,Halfnhav4.activeadmin.md,
382,https://github.com/Halfnhav4/Semantic-UI,README.md,Halfnhav4.Semantic-UI.md,
383,https://github.com/miladmeidanshahi/jquery-selectBox,readme.md,miladmeidanshahi.jquery-selectBox.md,
384,https://github.com/SeminYun/PixiParticles,README.md,SeminYun.PixiParticles.md,
385,https://github.com/zhangchen-qinyinghua/kityminder-editor,README.md,zhangchen-qinyinghua.kityminder-editor.md,
386,https://github.com/aniXification/platform,README.md,aniXification.platform.md,
387,https://github.com/Halfnhav4/ember.js,README.md,Halfnhav4.ember.js.md,
388,https://github.com/raychen91/weixin-java-tools,README.md,raychen91.weixin-java-tools.md,
389,https://github.com/ewolfox/weixin4j,README.md,ewolfox.weixin4j.md,
390,https://github.com/ctmalan/mqgp,README.md,ctmalan.mqgp.md,
391,https://github.com/webcup/codebox,README.md,webcup.codebox.md,
392,https://github.com/Halfnhav4/metasploit-framework,README.md,Halfnhav4.metasploit-framework.md,
393,https://github.com/xukuangbo/VGParallaxHeader,README.md,xukuangbo.VGParallaxHeader.md,
394,https://github.com/xdcesc/normaldist-benchmark,readme.md,xdcesc.normaldist-benchmark.md,
395,https://github.com/LoadingPleaseWait/stk-code,README.md,LoadingPleaseWait.stk-code.md,
396,https://github.com/dw250100785/git-deploy,README.md,dw250100785.git-deploy.md,
397,https://github.com/georgemarks/angular-seed,README.md,georgemarks.angular-seed.md,
398,https://github.com/Mybrc91/git-appraise,README.md,Mybrc91.git-appraise.md,
399,https://github.com/cnspica/BuyingWebServer,README.md,cnspica.BuyingWebServer.md,
400,https://github.com/407390911/jQuery,README.md,407390911.jQuery.md,
401,https://github.com/RachelScodes/MOB-NYC-4,README.md,RachelScodes.MOB-NYC-4.md,
402,https://github.com/Halfnhav4/ionic,README.md,Halfnhav4.ionic.md,
403,https://github.com/Ins1ghtLabs/LinEnum,README.md,Ins1ghtLabs.LinEnum.md,
404,https://github.com/ChaosLin/xcode_shell,README.md,ChaosLin.xcode_shell.md,
405,https://github.com/Halfnhav4/react-native,README.md,Halfnhav4.react-native.md,
406,https://github.com/louisZL/californium.scandium,README.md,louisZL.californium.scandium.md,
407,https://github.com/Halfnhav4/foundation-sites,README.md,Halfnhav4.foundation-sites.md,
408,https://github.com/bendavies/symfony-standard,README.md,bendavies.symfony-standard.md,
409,https://github.com/floort/WhatsAPI,README.md,floort.WhatsAPI.md,
410,https://github.com/visibilityspots/scripts,README.md,visibilityspots.scripts.md,
411,https://github.com/joetex74/demo_app,README.rdoc,joetex74.demo_app.rdoc,
412,https://github.com/kerneljack/puppet-virt,README.markdown,kerneljack.puppet-virt.markdown,
413,https://github.com/williamhelme/dotjs,README.markdown,williamhelme.dotjs.markdown,
414,https://github.com/gferreux/storm,README.markdown,gferreux.storm.markdown,
415,https://github.com/oaki/Bootstrap-Image-Gallery,README.md,oaki.Bootstrap-Image-Gallery.md,
416,https://github.com/wends155/angular-seed,README.md,wends155.angular-seed.md,
417,https://github.com/lightbluewind/DatabaseKit,README.md,lightbluewind.DatabaseKit.md,
418,https://github.com/awilliams/meta-tags,README.rdoc,awilliams.meta-tags.rdoc,
419,https://github.com/akhtarmdin/elasticsearch,README.textile,akhtarmdin.elasticsearch.textile,
420,https://github.com/aboks/PHP_CodeSniffer,README.md,aboks.PHP_CodeSniffer.md,
421,https://github.com/sopel/librato-services,README.md,sopel.librato-services.md,
422,https://github.com/imujeebco/treehugger,README.md,imujeebco.treehugger.md,
423,https://github.com/stylejar/InstaFilters,README.md,stylejar.InstaFilters.md,
424,https://github.com/bmbrands/theme_bootstrap,README.md,bmbrands.theme_bootstrap.md,
425,https://github.com/coswind/murder,README.md,coswind.murder.md,
426,https://github.com/oshojain/facebook_php,README.md,oshojain.facebook_php.md,
427,https://github.com/darmie/Penlight,README.md,darmie.Penlight.md,
428,https://github.com/abell123456/IOING,README.md,abell123456.IOING.md,
429,https://github.com/yxs19910622/solo,README.md,yxs19910622.solo.md,
430,https://github.com/yxs19910622/symphony,README.md,yxs19910622.symphony.md,
431,https://github.com/royalwang/noder-react-native,README.md,royalwang.noder-react-native.md,
432,https://github.com/Parallel-Thinkers/Sudoku-Solver,README.md,Parallel-Thinkers.Sudoku-Solver.md,
433,https://github.com/alexpts/php-routing,README.md,alexpts.php-routing.md,
434,https://github.com/zhengbowu/OptiKey,README.md,zhengbowu.OptiKey.md,
435,https://github.com/kkboy123/lstm-char-cnn-tensorflow,README.md,kkboy123.lstm-char-cnn-tensorflow.md,
436,https://github.com/trixartem/webdev-slides,README.md,trixartem.webdev-slides.md,
437,https://github.com/vkingtest/testfg,README.md,vkingtest.testfg.md,
438,https://github.com/royalwang/cnodejs-ionic,README.md,royalwang.cnodejs-ionic.md,
439,https://github.com/ArieLeo/Unity-ViewpointComputation,README.md,ArieLeo.Unity-ViewpointComputation.md,
440,https://github.com/GomoreTec/f8app,README.md,GomoreTec.f8app.md,
441,https://github.com/Roman-Scherbakov/awesome-swift,README.md,Roman-Scherbakov.awesome-swift.md,
442,https://github.com/galdazbiz/mautic,README.md,galdazbiz.mautic.md,
443,https://github.com/pataprogramming/loom-jung,README.md,pataprogramming.loom-jung.md,
444,https://github.com/mzabriskie/angular-translate,README.md,mzabriskie.angular-translate.md,
445,https://github.com/brunolight/json3,README.md,brunolight.json3.md,
446,https://github.com/ssk2/drones-267,README.md,ssk2.drones-267.md,
447,https://github.com/earlonrails/ruby-jmeter,README.md,earlonrails.ruby-jmeter.md,
448,https://github.com/kamalx/jsbin,README.markdown,kamalx.jsbin.markdown,
449,https://github.com/airdesigns1/mobile-samples,README.md,airdesigns1.mobile-samples.md,
450,https://github.com/gregggreg/CXAlertView,README.md,gregggreg.CXAlertView.md,
451,https://github.com/gbarzola/database_cleaner,README.markdown,gbarzola.database_cleaner.markdown,
452,https://github.com/commuterjoy/storyline-newtown,README.md,commuterjoy.storyline-newtown.md,
453,https://github.com/ismailfazal/profiler,README.md,ismailfazal.profiler.md,
454,https://github.com/ElMassimo/jquery.hotkeys,README.md,ElMassimo.jquery.hotkeys.md,
455,https://github.com/paulate/tagspaces,README.md,paulate.tagspaces.md,
456,https://github.com/julienledem/algebird,README.md,julienledem.algebird.md,
457,https://github.com/danielcunha/stream-lib,README.mdown,danielcunha.stream-lib.mdown,
458,https://github.com/jb55/winston-raven,README.md,jb55.winston-raven.md,
459,https://github.com/gbarzola/launchy,README.md,gbarzola.launchy.md,
460,https://github.com/ITB/COMP40010CloudSurvey,README.md,ITB.COMP40010CloudSurvey.md,
461,https://github.com/srt32/buffalo,README.md,srt32.buffalo.md,
462,https://github.com/lnfg/AndFix,README.md,lnfg.AndFix.md,
463,https://github.com/flavioJoshua/raspi-gpio,README.md,flavioJoshua.raspi-gpio.md,
464,https://github.com/msinai/javascript-logging-lab-bootcamp-prep-000,README.md,msinai.javascript-logging-lab-bootcamp-prep-000.md,
465,https://github.com/EmuxEvans/androidtool-mac,README.md,EmuxEvans.androidtool-mac.md,
466,https://github.com/fengqian1989/tensorflow-zh,README.md,fengqian1989.tensorflow-zh.md,
467,https://github.com/MantisWare/xero-php,README.md,MantisWare.xero-php.md,
468,https://github.com/minghao2016/NoNCRstar,README.md,minghao2016.NoNCRstar.md,
469,https://github.com/MantisWare/zendesk-laravel,readme.md,MantisWare.zendesk-laravel.md,
470,https://github.com/HeroBigData/dubbo,README.md,HeroBigData.dubbo.md,
471,https://github.com/merriann/roots-example-project.com,README.md,merriann.roots-example-project.com.md,
472,https://github.com/fivdi/linux-io,README.md,fivdi.linux-io.md,
473,https://github.com/Snazzah/BeautifulDiscordSnippets,README.md,Snazzah.BeautifulDiscordSnippets.md,
474,https://github.com/scalajs-io/express,README.md,scalajs-io.express.md,
475,https://github.com/pixeljunkie/amazon-alexa-php,README.md,pixeljunkie.amazon-alexa-php.md,
476,https://github.com/FalusiPista/cgm-remote-monitor,README.md,FalusiPista.cgm-remote-monitor.md,
477,https://github.com/wesleyakio/angular.js,README.md,wesleyakio.angular.js.md,
478,https://github.com/beejhuff/mode,README.md,beejhuff.mode.md,
479,https://github.com/jangellx/AutoOfficeDaemon,README.md,jangellx.AutoOfficeDaemon.md,
480,https://github.com/samuelneff/sql-formatter-extra-join-indentation,README.md,samuelneff.sql-formatter-extra-join-indentation.md,
481,https://github.com/cleavs/badges-and-schedules-cb-000,README.md,cleavs.badges-and-schedules-cb-000.md,
482,https://github.com/stephan1/polyglot-restaurant,README.md,stephan1.polyglot-restaurant.md,
483,https://github.com/lzmths/madlib,README.md,lzmths.madlib.md,
484,https://github.com/RockRong1204/AndroidScreenSlidePager,README.md,RockRong1204.AndroidScreenSlidePager.md,
485,https://github.com/neeleshkorade/mow.cli,README.md,neeleshkorade.mow.cli.md,
486,https://github.com/morchickit/opendataindex,README.md,morchickit.opendataindex.md,
487,https://github.com/civocr/mitmproxy,README.rst,civocr.mitmproxy.rst,
488,https://github.com/eliaskirsch/first-lab-ruby-learn-cli-osx-q-000,README.md,eliaskirsch.first-lab-ruby-learn-cli-osx-q-000.md,
489,https://github.com/totallyGreg/homebridge,README.md,totallyGreg.homebridge.md,
490,https://github.com/ywencn/active_merchant_payu_in,README.md,ywencn.active_merchant_payu_in.md,
491,https://github.com/mnjstwins/python-magic,README.md,mnjstwins.python-magic.md,
492,https://github.com/MetaMask/web3-provider-engine,README.md,MetaMask.web3-provider-engine.md,
493,https://github.com/lxMBIT/front,README.md,lxMBIT.front.md,
494,https://github.com/mbithub/front,README.md,mbithub.front.md,
495,https://github.com/narry/RxJava,README.md,narry.RxJava.md,
496,https://github.com/XiaonanD/parallel_ml_tutorial,README.md,XiaonanD.parallel_ml_tutorial.md,
497,https://github.com/markburns/exrabbit,README.md,markburns.exrabbit.md,
498,https://github.com/thodep/facebook-ios-sdk,README.mdown,thodep.facebook-ios-sdk.mdown,
499,https://github.com/jchbh-duplicate/winston,README.md,jchbh-duplicate.winston.md,
500,https://github.com/rafaelcsa/pixyll,README.md,rafaelcsa.pixyll.md,
501,https://github.com/azweb76/nvm,README.markdown,azweb76.nvm.markdown,
502,https://github.com/chriskoiak/mono,README.md,chriskoiak.mono.md,
503,https://github.com/pgaray1229/ttt-1-welcome-rb-q-000,README.md,pgaray1229.ttt-1-welcome-rb-q-000.md,
504,https://github.com/ew12/ShadowVPNAndroid,README.md,ew12.ShadowVPNAndroid.md,
505,https://github.com/dmvieira/catarse,README.md,dmvieira.catarse.md,
506,https://github.com/camfindlay/silverstripe-userforms,readme.md,camfindlay.silverstripe-userforms.md,
507,https://github.com/janenik/ninja-sso-um,README.md,janenik.ninja-sso-um.md,
508,https://github.com/jacqswu/genius,README.md,jacqswu.genius.md,
509,https://github.com/apm20/PDO_Pagination,README.md,apm20.PDO_Pagination.md,
510,https://github.com/kwangkim/flambeau,README.md,kwangkim.flambeau.md,
511,https://github.com/joansmith/mongo-java-driver,README.md,joansmith.mongo-java-driver.md,
512,https://github.com/jacadym/OpenEmu,README.md,jacadym.OpenEmu.md,
513,https://github.com/scooterbill/beautifulhue,README.md,scooterbill.beautifulhue.md,
514,https://github.com/michiel/rust-cross,README.md,michiel.rust-cross.md,
515,https://github.com/zszalas2/learn-deploy-on-day-one-v-000,README.md,zszalas2.learn-deploy-on-day-one-v-000.md,
516,https://github.com/AradhanaRaj/bash-handbook,README.md,AradhanaRaj.bash-handbook.md,
517,https://github.com/subnak/fcc_api_projects1,README.md,subnak.fcc_api_projects1.md,
518,https://github.com/survanetwork/HotBlock,README.md,survanetwork.HotBlock.md,
519,https://github.com/Alex-Bubblemaster/ASP.NET-MVC,README.md,Alex-Bubblemaster.ASP.NET-MVC.md,
520,https://github.com/tomix81/ws2812esp8266,README.md,tomix81.ws2812esp8266.md,
521,https://github.com/ndneighbor/hackathon-starter,README.md,ndneighbor.hackathon-starter.md,
522,https://github.com/jugg3rn4u7/networks2,README.md,jugg3rn4u7.networks2.md,
523,https://github.com/melvinvarkey/maybe,README.md,melvinvarkey.maybe.md,
524,https://github.com/babolivier/infra,README.md,babolivier.infra.md,
525,https://github.com/joketrump/rspec-fizzbuzz-q-000,README.md,joketrump.rspec-fizzbuzz-q-000.md,
526,https://github.com/modelica-projects/ModelicaBook,README.md,modelica-projects.ModelicaBook.md,
527,https://github.com/Gia90/IR-Converter,README.md,Gia90.IR-Converter.md,
528,https://github.com/rastating/DSXS,README.md,rastating.DSXS.md,
529,https://github.com/ravbhatnagar/azure-sdk-for-net,README.md,ravbhatnagar.azure-sdk-for-net.md,
530,https://github.com/snowcity/xlrd,README.md,snowcity.xlrd.md,
531,https://github.com/jsiah/brew,README.md,jsiah.brew.md,
532,https://github.com/ellacodecamp/test-project,README.md,ellacodecamp.test-project.md,
533,https://github.com/saifs0/fullstack-course4,README.md,saifs0.fullstack-course4.md,
534,https://github.com/luongnv89/plugins,README.md,luongnv89.plugins.md,
535,https://github.com/Rhuax/dcsn,README.md,Rhuax.dcsn.md,
536,https://github.com/vineetk1/yodaqa,README.md,vineetk1.yodaqa.md,
537,https://github.com/krusynth/chef-vault,README.md,krusynth.chef-vault.md,
538,https://github.com/vannak1/sinatra-dynamic-routes-codealong-v-000,README.md,vannak1.sinatra-dynamic-routes-codealong-v-000.md,
539,https://github.com/cu-boulder/facetview2,README.md,cu-boulder.facetview2.md,
540,https://github.com/jcagomes/db-sample-schemas,README.md,jcagomes.db-sample-schemas.md,
541,https://github.com/guilhermewop/rails,README.md,guilhermewop.rails.md,
542,https://github.com/asteriq/skydns,README.md,asteriq.skydns.md,
543,https://github.com/abhisheksprakash/ServiceStack,README.md,abhisheksprakash.ServiceStack.md,
544,https://github.com/mindis/incubator-quarks,README.md,mindis.incubator-quarks.md,
545,https://github.com/jeanEpek/angular2-webpack-starter,README.md,jeanEpek.angular2-webpack-starter.md,
546,https://github.com/jperezrua/idlf,README.md,jperezrua.idlf.md,
547,https://github.com/fusiondust/PhotoShow,README.md,fusiondust.PhotoShow.md,
548,https://github.com/webhost/AWeber-API-PHP-Library,README.md,webhost.AWeber-API-PHP-Library.md,
549,https://github.com/cristianodelucca/VszLib,README.md,cristianodelucca.VszLib.md,
550,https://github.com/gniltaws/lsus,README.md,gniltaws.lsus.md,
551,https://github.com/sparkfun/SparkFun_ADC_Block_for_Edison_CPP_Library,README.md,sparkfun.SparkFun_ADC_Block_for_Edison_CPP_Library.md,
552,https://github.com/BMDan/tuning-primer.sh,README.md,BMDan.tuning-primer.sh.md,
553,https://github.com/akshaydashrath/sms-backup-plus,README.md,akshaydashrath.sms-backup-plus.md,
554,https://github.com/SaltyCharles/pyvmomi,README.rst,SaltyCharles.pyvmomi.rst,
555,https://github.com/Millz0r/community-templates,README.md,Millz0r.community-templates.md,
556,https://github.com/rictrae/jquery.tap,README.md,rictrae.jquery.tap.md,
557,https://github.com/netmarti/carballo,readme.md,netmarti.carballo.md,
558,https://github.com/gabc/gnu-apl-mode,README.md,gabc.gnu-apl-mode.md,
559,https://github.com/Casy14/Origins1.7.8.5_Rebuild_Server_Files,README.md,Casy14.Origins1.7.8.5_Rebuild_Server_Files.md,
560,https://github.com/arsnyder16/CsvReader,README.md,arsnyder16.CsvReader.md,
561,https://github.com/sundoop/cpython,README.rst,sundoop.cpython.rst,
562,https://github.com/rainhees/UIScrollView-InfiniteScroll,README.md,rainhees.UIScrollView-InfiniteScroll.md,
563,https://github.com/lixiaoshuai/zheng,README.md,lixiaoshuai.zheng.md,
564,https://github.com/lcbasu/SteamVR_Template,README.md,lcbasu.SteamVR_Template.md,
565,https://github.com/johnhomantaring/learn-chaincode,README.md,johnhomantaring.learn-chaincode.md,
566,https://github.com/enzovsmzsg/bootstrap,README.md,enzovsmzsg.bootstrap.md,
567,https://github.com/rainhees/ZHPopupView,README.md,rainhees.ZHPopupView.md,
568,https://github.com/wenlai521/AndroidUtilCode,README.md,wenlai521.AndroidUtilCode.md,
569,https://github.com/MXi4oyu/algorithms,README.md,MXi4oyu.algorithms.md,
570,https://github.com/hpainter2002/models,README.md,hpainter2002.models.md,
571,https://github.com/kaizengliu/jexboss,README.md,kaizengliu.jexboss.md,
572,https://github.com/kyubotics/coolq-cpp-sdk,README.md,kyubotics.coolq-cpp-sdk.md,
573,https://github.com/zhou87/iOS-LibraryCollections,README.md,zhou87.iOS-LibraryCollections.md,
574,https://github.com/majestique/angular-markdown-editor,readme.md,majestique.angular-markdown-editor.md,
575,https://github.com/KAIST-IS521/TeamFour,README.md,KAIST-IS521.TeamFour.md,
576,https://github.com/isdom/UniAuth,README.MD,isdom.UniAuth.MD,
577,https://github.com/Sheshouzuo/vswipe,README.md,Sheshouzuo.vswipe.md,
578,https://github.com/Devesh-swift/MBCircularProgressBar,README.md,Devesh-swift.MBCircularProgressBar.md,
579,https://github.com/pangfumin/VINS-Mobile,README.md,pangfumin.VINS-Mobile.md,
580,https://github.com/shinesoleil/demochat,README.md,shinesoleil.demochat.md,
581,https://github.com/qilicun/DSB2017,README.md,qilicun.DSB2017.md,
582,https://github.com/xixinfei/MinimalistWeather,README.md,xixinfei.MinimalistWeather.md,
583,https://github.com/Devesh-swift/MRProgress,README.md,Devesh-swift.MRProgress.md,
584,https://github.com/voidException/Apollo,README.md,voidException.Apollo.md,
585,https://github.com/weixinhost/nginx_yar_module,README.md,weixinhost.nginx_yar_module.md,
586,https://github.com/debloper/conrod,README.md,debloper.conrod.md,
587,https://github.com/pareeohnos/sonews,README.md,pareeohnos.sonews.md,
588,https://github.com/yanninho/maureillas-backend,README.md,yanninho.maureillas-backend.md,
589,https://github.com/gitccsand/uikit,README.md,gitccsand.uikit.md,
590,https://github.com/alvarosperez/Mining-the-Social-Web-2nd-Edition,README.md,alvarosperez.Mining-the-Social-Web-2nd-Edition.md,
591,https://github.com/Fl0rianH/fluent-plugin-mongo,README.rdoc,Fl0rianH.fluent-plugin-mongo.rdoc,
592,https://github.com/webislife/twig.js,README.md,webislife.twig.js.md,
593,https://github.com/jlereverend/DoctrineExtensions,README.md,jlereverend.DoctrineExtensions.md,
594,https://github.com/linliapp/fontmin,README.md,linliapp.fontmin.md,
595,https://github.com/WilliamRen/AndroidUIO,README.md,WilliamRen.AndroidUIO.md,
596,https://github.com/neuroidss/Nervana-neon,README.md,neuroidss.Nervana-neon.md,
597,https://github.com/keedio/incubator-zeppelin,README.md,keedio.incubator-zeppelin.md,
598,https://github.com/HairyFotr/swagger-editor,README.md,HairyFotr.swagger-editor.md,
599,https://github.com/Whookash8/Mrowka-Langdona,README.md,Whookash8.Mrowka-Langdona.md,
600,https://github.com/sorinmuchi/animate.css,README.md,sorinmuchi.animate.css.md,
601,https://github.com/CloudAves/AWS-NodeJS-AngularJS-Demos,README.md,CloudAves.AWS-NodeJS-AngularJS-Demos.md,
602,https://github.com/agiza/heartbeat,README.md,agiza.heartbeat.md,
603,https://github.com/jeremyrsmith/quill,README.md,jeremyrsmith.quill.md,
604,https://github.com/warleygp/twentytwenty,README.md,warleygp.twentytwenty.md,
605,https://github.com/GameFilebyOpenSourse/icarus-android,README.md,GameFilebyOpenSourse.icarus-android.md,
606,https://github.com/stormbeta/puppet-homebrew,README.md,stormbeta.puppet-homebrew.md,
607,https://github.com/jmsegrev/ng2-file-upload,README.md,jmsegrev.ng2-file-upload.md,
608,https://github.com/DMV-Jumbo/responsive-grid-of-hexagons,README.md,DMV-Jumbo.responsive-grid-of-hexagons.md,
609,https://github.com/WinnieLee/speaking-grandma-001-prework-web,README.md,WinnieLee.speaking-grandma-001-prework-web.md,
610,https://github.com/haviana/Boavida,README.md,haviana.Boavida.md,
611,https://github.com/mat2maa/react-native-datepicker,README.md,mat2maa.react-native-datepicker.md,
612,https://github.com/jv9/vsts-agent,README.md,jv9.vsts-agent.md,
613,https://github.com/tuxmark5/electron,README.md,tuxmark5.electron.md,
614,https://github.com/mdabbagh88/android-UniversalMusicPlayer,README.md,mdabbagh88.android-UniversalMusicPlayer.md,
615,https://github.com/thejohnbackes/music-machine,README.md,thejohnbackes.music-machine.md,
616,https://github.com/marslili/transitive.js,README.md,marslili.transitive.js.md,
617,https://github.com/ajiangcn/Probabilistic-Programming-and-Bayesian-Methods-for-Hackers,README.md,ajiangcn.Probabilistic-Programming-and-Bayesian-Methods-for-Hackers.md,
618,https://github.com/sascott624/sinatra-activerecord-associations-v-000,README.md,sascott624.sinatra-activerecord-associations-v-000.md,
619,https://github.com/vineet-sinha/talks,README.md,vineet-sinha.talks.md,
620,https://github.com/faiverson/AngularBP,README.md,faiverson.AngularBP.md,
621,https://github.com/quartzjer/electrolyte,README.md,quartzjer.electrolyte.md,
622,https://github.com/cruncher/resource,README.md,cruncher.resource.md,
623,https://github.com/reingart/py_efactura_uy,README.md,reingart.py_efactura_uy.md,
624,https://github.com/MathijsNL/pyrealsense,README.md,MathijsNL.pyrealsense.md,
625,https://github.com/hhendrikk/cmd-colors-solarized,README.md,hhendrikk.cmd-colors-solarized.md,
626,https://github.com/mojoblanco/NUBAN,README.md,mojoblanco.NUBAN.md,
627,https://github.com/skittlerockstar/Android-Notification-Suspender,README.md,skittlerockstar.Android-Notification-Suspender.md,
628,https://github.com/Kazava/colornet,README.md,Kazava.colornet.md,
629,https://github.com/portamanam/nodejs-ex,README.md,portamanam.nodejs-ex.md,
630,https://github.com/AudienceX/TensorFlow-Examples,README.md,AudienceX.TensorFlow-Examples.md,
631,https://github.com/pimpreneil/raml2html,README.md,pimpreneil.raml2html.md,
632,https://github.com/Faris90/test,README.md,Faris90.test.md,
633,https://github.com/jmKeenan/cpi,README.md,jmKeenan.cpi.md,
634,https://github.com/hicay/markdown-toc,README.md,hicay.markdown-toc.md,
635,https://github.com/pseyfert/include-what-you-use,README.md,pseyfert.include-what-you-use.md,
636,https://github.com/sssssqew/navernewscrawler,README.md,sssssqew.navernewscrawler.md,
637,https://github.com/gvsurenderreddy/fiware-aiakos,README.rst,gvsurenderreddy.fiware-aiakos.rst,
638,https://github.com/LittleHeap/iOS-Coursera,README.md,LittleHeap.iOS-Coursera.md,
639,https://github.com/LansingAreaRUsersGroup/minimal,README.md,LansingAreaRUsersGroup.minimal.md,
640,https://github.com/dwforbes/tensorflow,README.md,dwforbes.tensorflow.md,
641,https://github.com/goreacraft/Thermos,README.md,goreacraft.Thermos.md,
642,https://github.com/pierman1/bt-features,readme.md,pierman1.bt-features.md,
643,https://github.com/kevinharvey/ansible,README.md,kevinharvey.ansible.md,
644,https://github.com/cheneyli/material-calendarview,README.md,cheneyli.material-calendarview.md,
645,https://github.com/tetegra/models,README.md,tetegra.models.md,
646,https://github.com/920496044/ArduGuitar,README.md,920496044.ArduGuitar.md,
647,https://github.com/even3yu/Multiple-Camera-Feeds,README.md,even3yu.Multiple-Camera-Feeds.md,
648,https://github.com/pfortuna/owasp-mstg,README.md,pfortuna.owasp-mstg.md,
649,https://github.com/kravikanti-zz/Foodie-Finder,README.md,kravikanti-zz.Foodie-Finder.md,
650,https://github.com/darbentov/sentry-ansible-vagrant,README.md,darbentov.sentry-ansible-vagrant.md,
651,https://github.com/r-learner/benchm-ml,README.md,r-learner.benchm-ml.md,
652,https://github.com/bitnami/chai-fs,README.md,bitnami.chai-fs.md,
653,https://github.com/language-learners/phpbb,README.md,language-learners.phpbb.md,
654,https://github.com/jsheedy/d3-grid-map,README.md,jsheedy.d3-grid-map.md,
655,https://github.com/wmusial/salesforce-bulk,README.md,wmusial.salesforce-bulk.md,
656,https://github.com/churchlab/lumpy-sv,README.md,churchlab.lumpy-sv.md,
657,https://github.com/adepue/moto,README.md,adepue.moto.md,
658,https://github.com/josemariagomezroncero/dolibarr,README.md,josemariagomezroncero.dolibarr.md,
659,https://github.com/mjgrav2001/scikit-learn,README.rst,mjgrav2001.scikit-learn.rst,
660,https://github.com/HondoOhnaka/bottle,README.rst,HondoOhnaka.bottle.rst,
661,https://github.com/sethkrasnianski/polymer-loader,README.md,sethkrasnianski.polymer-loader.md,
662,https://github.com/mitodl/django-settings-export,README.rst,mitodl.django-settings-export.rst,
663,https://github.com/golmansax/mathjs,README.md,golmansax.mathjs.md,
664,https://github.com/samshaq19912009/LeetCode,README.md,samshaq19912009.LeetCode.md,
665,https://github.com/eduardschaeli/xmonad-ubuntu-conf,README.md,eduardschaeli.xmonad-ubuntu-conf.md,
666,https://github.com/Visual-Stylecop/Visual-StyleCop,README.md,Visual-Stylecop.Visual-StyleCop.md,
667,https://github.com/RomanHargrave/nodehun,readme.md,RomanHargrave.nodehun.md,
668,https://github.com/leoxnv/RepData_PeerAssessment1,README.md,leoxnv.RepData_PeerAssessment1.md,
669,https://github.com/etbsoft/Curso-JS-para-desarrolladores-web_ed5,README.md,etbsoft.Curso-JS-para-desarrolladores-web_ed5.md,
670,https://github.com/rthangam/immutable-js,README.md,rthangam.immutable-js.md,
671,https://github.com/EliseEijkhout/prog-assignment,README.md,EliseEijkhout.prog-assignment.md,
672,https://github.com/ly774508966/Firmware,README.md,ly774508966.Firmware.md,
673,https://github.com/longzekai/UpdateHelper,README.md,longzekai.UpdateHelper.md,
674,https://github.com/morristech/Meepo,README.md,morristech.Meepo.md,
675,https://github.com/Zachary46/AndroidAutoLayout,README.md,Zachary46.AndroidAutoLayout.md,
676,https://github.com/SandervanSteenis/prog-assignment,README.md,SandervanSteenis.prog-assignment.md,
677,https://github.com/mirroam/gitea,README.md,mirroam.gitea.md,
678,https://github.com/ezhangle/vs-cryengine-mono-debugger,README.md,ezhangle.vs-cryengine-mono-debugger.md,
679,https://github.com/guoyu07/vue-lazyload,README.md,guoyu07.vue-lazyload.md,
680,https://github.com/jackycarry/AndroidPdfViewer,README.md,jackycarry.AndroidPdfViewer.md,
681,https://github.com/mantl/distributive,README.md,mantl.distributive.md,
682,https://github.com/JHJLuijten/prog-assignment,README.md,JHJLuijten.prog-assignment.md,
683,https://github.com/SimonDamminga/prog-assignment,README.md,SimonDamminga.prog-assignment.md,
684,https://github.com/JarnodeLeeuw/prog-assignment,README.md,JarnodeLeeuw.prog-assignment.md,
685,https://github.com/tkremenek/swift-corelibs-xctest,README.md,tkremenek.swift-corelibs-xctest.md,
686,https://github.com/tizzer/ExoPlayer,README.md,tizzer.ExoPlayer.md,
687,https://github.com/FreddyZfd/FlowNet,README.md,FreddyZfd.FlowNet.md,
688,https://github.com/keenmisty/emep-ctm,README.md,keenmisty.emep-ctm.md,
689,https://github.com/oncealong/emacsIDEAs,README.md,oncealong.emacsIDEAs.md,
690,https://github.com/ShadowDevourer/MVC5-Scaffolder,README.md,ShadowDevourer.MVC5-Scaffolder.md,
691,https://github.com/kpld/ZeroNet,README.md,kpld.ZeroNet.md,
692,https://github.com/alexvane/BaiduPanDownloadWpf,README.md,alexvane.BaiduPanDownloadWpf.md,
693,https://github.com/haradashinya/flask-admin,README.rst,haradashinya.flask-admin.rst,
694,https://github.com/MitchelVanHelden/prog-assignment,README.md,MitchelVanHelden.prog-assignment.md,
695,https://github.com/Ahmad-me/osmbonuspack,README.md,Ahmad-me.osmbonuspack.md,
696,https://github.com/chesnokovilya/php-bitpay-client,README.md,chesnokovilya.php-bitpay-client.md,
697,https://github.com/Lappalainen-Joel/ansible-role-apt_source,README.md,Lappalainen-Joel.ansible-role-apt_source.md,
698,https://github.com/usernamegemaoa/business,README.md,usernamegemaoa.business.md,
699,https://github.com/aitipachong/SubSonic3.0-,README.md,aitipachong.SubSonic3.0-.md,
700,https://github.com/sonyeric/pyfolio,README.md,sonyeric.pyfolio.md,
701,https://github.com/AlexanderKovachev/SharpSapRfc,README.md,AlexanderKovachev.SharpSapRfc.md,
702,https://github.com/Watercycle/controller-button-mapper,README.md,Watercycle.controller-button-mapper.md,
703,https://github.com/dilbert37/cleanflight,README.md,dilbert37.cleanflight.md,
704,https://github.com/beedesk/django-trusts,README.md,beedesk.django-trusts.md,
705,https://github.com/aammd/metacom,README.md,aammd.metacom.md,
706,https://github.com/analytically/slack-express,readme.md,analytically.slack-express.md,
707,https://github.com/BettinaP/looping-break-gets-001-prework-web,README.md,BettinaP.looping-break-gets-001-prework-web.md,
708,https://github.com/dlalap/SevSeg,README.md,dlalap.SevSeg.md,
709,https://github.com/leekiernan/laptop,README.md,leekiernan.laptop.md,
710,https://github.com/thauta/BMW_E46_Android_RPi_IBUS_Controller,README.md,thauta.BMW_E46_Android_RPi_IBUS_Controller.md,
711,https://github.com/rlugojr/keymaster,README.markdown,rlugojr.keymaster.markdown,
712,https://github.com/supremeboy18/ttt-5-move-rb-q-000,README.md,supremeboy18.ttt-5-move-rb-q-000.md,
713,https://github.com/j-jiafei/tango-examples-java,README.md,j-jiafei.tango-examples-java.md,
714,https://github.com/courcirc8/stmbl,README.md,courcirc8.stmbl.md,
715,https://github.com/sheerun/vim-yardoc,README.md,sheerun.vim-yardoc.md,
716,https://github.com/edulrc/nfe-paulistana,README.md,edulrc.nfe-paulistana.md,
717,https://github.com/sirvine/todomvc,readme.md,sirvine.todomvc.md,
718,https://github.com/joshterrill/angular.treeview,README.md,joshterrill.angular.treeview.md,
719,https://github.com/gitllermopalafox/django-tokenapi,README.md,gitllermopalafox.django-tokenapi.md,
720,https://github.com/mfrye/popcorn-app,README.md,mfrye.popcorn-app.md,
721,https://github.com/willcosgrove/wit-ruby,README.md,willcosgrove.wit-ruby.md,
722,https://github.com/rtoussaint/Elevator,README.md,rtoussaint.Elevator.md,
723,https://github.com/pdhruti/community-app,README.md,pdhruti.community-app.md,
724,https://github.com/FlorianWendelborn/particles,README.md,FlorianWendelborn.particles.md,
725,https://github.com/narekhnh/UnityGPGPlugin,README.md,narekhnh.UnityGPGPlugin.md,
726,https://github.com/MEZOCLONE/rebound,README.md,MEZOCLONE.rebound.md,
727,https://github.com/CoderDojo-IowaCity/enchant.js,README.md,CoderDojo-IowaCity.enchant.js.md,
728,https://github.com/trusbe/MSDynamicsDrawerViewController,README.md,trusbe.MSDynamicsDrawerViewController.md,
729,https://github.com/KenRud/brackets-less-autocompile,README.md,KenRud.brackets-less-autocompile.md,
730,https://github.com/Gozhack/Citrus-Engine,README.md,Gozhack.Citrus-Engine.md,
731,https://github.com/xcroix/cw-omnibus,README.markdown,xcroix.cw-omnibus.markdown,
732,https://github.com/turtledb/phpenv,README.md,turtledb.phpenv.md,
733,https://github.com/iorch/sklearn_tutorial,README.md,iorch.sklearn_tutorial.md,
734,https://github.com/danielnovy/eth-lightwallet,README.md,danielnovy.eth-lightwallet.md,
735,https://github.com/schsj/air-datepicker,README.md,schsj.air-datepicker.md,
736,https://github.com/lpikora/ionic,README.md,lpikora.ionic.md,
737,https://github.com/madboymaduka/spyfall,README.md,madboymaduka.spyfall.md,
738,https://github.com/dreamlayers/Baconit,README.md,dreamlayers.Baconit.md,
739,https://github.com/theYoYo/dev,README.md,theYoYo.dev.md,
740,https://github.com/AnBucyk/cordova-samples,README.md,AnBucyk.cordova-samples.md,
741,https://github.com/Mortehay/OpenLayers-ext,README.md,Mortehay.OpenLayers-ext.md,
742,https://github.com/mingjianliu/algorithm_java,README.md,mingjianliu.algorithm_java.md,
743,https://github.com/ankitshah009/scikit-learn-videos,README.md,ankitshah009.scikit-learn-videos.md,
744,https://github.com/CILP/imsdroid,README.md,CILP.imsdroid.md,
745,https://github.com/xlong88/egads,README.md,xlong88.egads.md,
746,https://github.com/mendelB/rack-dynamic-web-apps-v-000,README.md,mendelB.rack-dynamic-web-apps-v-000.md,
747,https://github.com/hackoregon/application-provisioning,README.md,hackoregon.application-provisioning.md,
748,https://github.com/IgorCode/Awesome-Support,README.md,IgorCode.Awesome-Support.md,
749,https://github.com/vpalos/fake_sqs,README.md,vpalos.fake_sqs.md,
750,https://github.com/hunterjackson/python-opcua,README.md,hunterjackson.python-opcua.md,
751,https://github.com/tommc/react-window-mixins,README.md,tommc.react-window-mixins.md,
752,https://github.com/iros/Font-Awesome-SVG-PNG,README.md,iros.Font-Awesome-SVG-PNG.md,
753,https://github.com/DanLeininger/ember-drag-drop,README.md,DanLeininger.ember-drag-drop.md,
754,https://github.com/tienhv/OpenWPM,README.md,tienhv.OpenWPM.md,
755,https://github.com/jmighion/jboss-eap-quickstarts,README.md,jmighion.jboss-eap-quickstarts.md,
756,https://github.com/tmaxxcar/core,README.md,tmaxxcar.core.md,
757,https://github.com/chaoyang805/InstaMaterial,README.md,chaoyang805.InstaMaterial.md,
758,https://github.com/vanloswang/flinux,README.md,vanloswang.flinux.md,
759,https://github.com/nicolascine/codeigniter-restserver,README.md,nicolascine.codeigniter-restserver.md,
760,https://github.com/xuboso/java-design-patterns,README.md,xuboso.java-design-patterns.md,
761,https://github.com/hanyegudeng/Alamofire,README.md,hanyegudeng.Alamofire.md,
762,https://github.com/chaoyang805/android-UniversalMusicPlayer,README.md,chaoyang805.android-UniversalMusicPlayer.md,
763,https://github.com/mallek/ComputerCraft,README.md,mallek.ComputerCraft.md,
764,https://github.com/yous/xe-core,README.md,yous.xe-core.md,
765,https://github.com/foxbabe/CodeIgniter,readme.rst,foxbabe.CodeIgniter.rst,
766,https://github.com/ajaxzip3/ajaxzip3.github.io,README.md,ajaxzip3.ajaxzip3.github.io.md,
767,https://github.com/jameselsey/tess-two,README.md,jameselsey.tess-two.md,
768,https://github.com/zsjohny/mrjob,README.rst,zsjohny.mrjob.rst,
769,https://github.com/oscarlinger/tet-csharp-samples,README.md,oscarlinger.tet-csharp-samples.md,
770,https://github.com/mari0o/java-design-patterns,README.md,mari0o.java-design-patterns.md,
771,https://github.com/pranjulkansal/wordbase-solver-master,README.md,pranjulkansal.wordbase-solver-master.md,
772,https://github.com/java2script/java2script,README.md,java2script.java2script.md,
773,https://github.com/mathurin59000/dashing-docker,README.md,mathurin59000.dashing-docker.md,
774,https://github.com/phnmnl/container-batman,README.md,phnmnl.container-batman.md,
775,https://github.com/PandaHugMonster/mpay24,README.md,PandaHugMonster.mpay24.md,
776,https://github.com/741162830qq/MobileProject,README.md,741162830qq.MobileProject.md,
777,https://github.com/justinyaoqi/bfs-image-server,README.md,justinyaoqi.bfs-image-server.md,
778,https://github.com/robmurtha/platform,README.md,robmurtha.platform.md,
779,https://github.com/ahmedkato/countly-server,README.md,ahmedkato.countly-server.md,
780,https://github.com/lpzahd/fresco,README.md,lpzahd.fresco.md,
781,https://github.com/sylvainar/ROS-OSM-map-integration,README.md,sylvainar.ROS-OSM-map-integration.md,
782,https://github.com/ArrowMeng/awesome-go,README.md,ArrowMeng.awesome-go.md,
783,https://github.com/Craga89/tether,README.md,Craga89.tether.md,
784,https://github.com/LonelyPale/fastjson,README.md,LonelyPale.fastjson.md,
785,https://github.com/ZeroNoRyouki/BigReactors-OLD,README.md,ZeroNoRyouki.BigReactors-OLD.md,
786,https://github.com/zhangmeng0711/LRUedRedisStorage-iceberg-,README.md,zhangmeng0711.LRUedRedisStorage-iceberg-.md,
787,https://github.com/changle123/bootstrap,README.md,changle123.bootstrap.md,
788,https://github.com/ltlovezh/ijkplayer,README.md,ltlovezh.ijkplayer.md,
789,https://github.com/xiaozhuge007/PullToRefresh,README.md,xiaozhuge007.PullToRefresh.md,
790,https://github.com/KitJacky/acme.sh,README.md,KitJacky.acme.sh.md,
791,https://github.com/yuanyuans/Android-HyViewInject,README.md,yuanyuans.Android-HyViewInject.md,
792,https://github.com/kakawin/free_generator,README.md,kakawin.free_generator.md,
793,https://github.com/jojo1007/AndroidDataStorage,README.md,jojo1007.AndroidDataStorage.md,
794,https://github.com/daobilige-su/loam_back_and_forth,README.md,daobilige-su.loam_back_and_forth.md,
795,https://github.com/cheerylong/gulp-book,README.md,cheerylong.gulp-book.md,
796,https://github.com/cotovanugabi/axios,README.md,cotovanugabi.axios.md,
797,https://github.com/ChristianBeddows/scikit-learn,README.rst,ChristianBeddows.scikit-learn.rst,
798,https://github.com/s8186255/vue2-demo,README.md,s8186255.vue2-demo.md,
799,https://github.com/JoJoor/glm,readme.md,JoJoor.glm.md,
800,https://github.com/wendelas/windows-installer,README.md,wendelas.windows-installer.md,
801,https://github.com/StevenJohnson86/09-SQL-joins-relations,README.md,StevenJohnson86.09-SQL-joins-relations.md,
802,https://github.com/darioxz/AirSim,README.md,darioxz.AirSim.md,
803,https://github.com/schulzad/flask-ask,README.rst,schulzad.flask-ask.rst,
804,https://github.com/marcos-simoes/seeburger-vfs2,README.md,marcos-simoes.seeburger-vfs2.md,
805,https://github.com/rafallyczkowski/concierge,README.md,rafallyczkowski.concierge.md,
806,https://github.com/sreedhar999/Coure5-md1-Solution,README.md,sreedhar999.Coure5-md1-Solution.md,
807,https://github.com/wendelas/node,README.md,wendelas.node.md,
808,https://github.com/MahmoudAljabary/php-gds,README.md,MahmoudAljabary.php-gds.md,
809,https://github.com/effrenus/lusca,README.md,effrenus.lusca.md,
810,https://github.com/HelenKarpenko/projectX,README.md,HelenKarpenko.projectX.md,
811,https://github.com/TheCrimsonIdol/docker,README.md,TheCrimsonIdol.docker.md,
812,https://github.com/dobachi/spark-tpcds,README.md,dobachi.spark-tpcds.md,
813,https://github.com/aiswrya92/sqlalchemy-python,README.md,aiswrya92.sqlalchemy-python.md,
814,https://github.com/NancyAnggraini/frontend-nanodegree-resume,README.md,NancyAnggraini.frontend-nanodegree-resume.md,
815,https://github.com/jane-hnatiuk/WebGoat-Legacy,README.MD,jane-hnatiuk.WebGoat-Legacy.MD,
816,https://github.com/nobbymz/CanaryPlugin,README.md,nobbymz.CanaryPlugin.md,
817,https://github.com/greghickman/javascript-strings-lab-bootcamp-prep-000,README.md,greghickman.javascript-strings-lab-bootcamp-prep-000.md,
818,https://github.com/igorbrandao/react-testdrive,README.md,igorbrandao.react-testdrive.md,
819,https://github.com/jennafrancis/ruby-class-variables-and-class-methods-lab-v-000,README.md,jennafrancis.ruby-class-variables-and-class-methods-lab-v-000.md,
820,https://github.com/sherrylynntower/https---github.ibm.com-stower-ZeroToCognitive,README.md,sherrylynntower.https---github.ibm.com-stower-ZeroToCognitive.md,
821,https://github.com/bspencer87/amp-by-example,README.md,bspencer87.amp-by-example.md,
822,https://github.com/ajcrowe/pubsubbeat,README.md,ajcrowe.pubsubbeat.md,
823,https://github.com/erkules/community,README.md,erkules.community.md,
824,https://github.com/VincentCasse/python-ovh,README.rst,VincentCasse.python-ovh.rst,
825,https://github.com/Mriganko/tensorflow,README.md,Mriganko.tensorflow.md,
826,https://github.com/daveajones/server,README.md,daveajones.server.md,
827,https://github.com/threehams/react-redux-universal-hot-example,README.md,threehams.react-redux-universal-hot-example.md,
828,https://github.com/amykatenicho/IoTWorkshop,README.md,amykatenicho.IoTWorkshop.md,
829,https://github.com/kmschroth/aws-cloudtrail-with-splunk,README.md,kmschroth.aws-cloudtrail-with-splunk.md,
830,https://github.com/drmistral/phonegap-facebook-plugin,README.md,drmistral.phonegap-facebook-plugin.md,
831,https://github.com/jerrylee/ux-pattern-library,README.md,jerrylee.ux-pattern-library.md,
832,https://github.com/kingjci/angular-phonecat,README.md,kingjci.angular-phonecat.md,
833,https://github.com/phillips1021/portlet-rating,README.md,phillips1021.portlet-rating.md,
834,https://github.com/shaocf/r-ninja,readme.md,shaocf.r-ninja.md,
835,https://github.com/Tathe/Angular-JS-Blog,README.md,Tathe.Angular-JS-Blog.md,
836,https://github.com/robby14/RIOT,README.md,robby14.RIOT.md,
837,https://github.com/smarkets/eventlet,README.rst,smarkets.eventlet.rst,
838,https://github.com/40a/hub,README.md,40a.hub.md,
839,https://github.com/andrefauth/HtmlPhpExcel,README.md,andrefauth.HtmlPhpExcel.md,
840,https://github.com/louije/react-native-wifi-module,README.md,louije.react-native-wifi-module.md,
841,https://github.com/lixzh/hhvm,README.md,lixzh.hhvm.md,
842,https://github.com/ynd-consult/SocketRocket,README.md,ynd-consult.SocketRocket.md,
843,https://github.com/SteveRoth/Autofac,README.md,SteveRoth.Autofac.md,
844,https://github.com/rmoorman/Griddle,README.md,rmoorman.Griddle.md,
845,https://github.com/Dianacreate/frontend-nanodegree-resume,README.md,Dianacreate.frontend-nanodegree-resume.md,
846,https://github.com/eddawley/hermes,README.md,eddawley.hermes.md,
847,https://github.com/velos/MagicalRecord,README.md,velos.MagicalRecord.md,
848,https://github.com/timombasa/depot,README.rdoc,timombasa.depot.rdoc,
849,https://github.com/mohitsadaria/mustache.js,README.md,mohitsadaria.mustache.js.md,
850,https://github.com/j-mcnally/npm,README.md,j-mcnally.npm.md,
851,https://github.com/andru255/Effect-Games,README.md,andru255.Effect-Games.md,
852,https://github.com/h4ck3rm1k3/rbmediawiki,README.md,h4ck3rm1k3.rbmediawiki.md,
853,https://github.com/pedrosoukup/bootstrap,README.md,pedrosoukup.bootstrap.md,
854,https://github.com/aravenel/behance_python,README.md,aravenel.behance_python.md,
855,https://github.com/ajita/codeigniter-forensics,README.markdown,ajita.codeigniter-forensics.markdown,
856,https://github.com/plouh/jquery-continuous-calendar,README.textile,plouh.jquery-continuous-calendar.textile,
857,https://github.com/beardedbrew/ics-generator,readme.md,beardedbrew.ics-generator.md,
858,https://github.com/pntrivedy/brackets,README.md,pntrivedy.brackets.md,
859,https://github.com/MsBritten/rules,README.markdown,MsBritten.rules.markdown,
860,https://github.com/mikkohei13/airquality-finland,README.md,mikkohei13.airquality-finland.md,
861,https://github.com/mlaksv/patch-hadoop_7682-1.0.x-win,README.md,mlaksv.patch-hadoop_7682-1.0.x-win.md,
862,https://github.com/fracmak/csslint,README.md,fracmak.csslint.md,
863,https://github.com/kvirani/endicia,README.rdoc,kvirani.endicia.rdoc,
864,https://github.com/mlakha/node-apac,README.markdown,mlakha.node-apac.markdown,
865,https://github.com/mollydooker/railsinstaller_demo,README.rdoc,mollydooker.railsinstaller_demo.rdoc,
866,https://github.com/ajita/jnode,README.md,ajita.jnode.md,
867,https://github.com/robschley/bootstrap,README.md,robschley.bootstrap.md,
868,https://github.com/asmuth-archive/parallel_cf,readme.md,asmuth-archive.parallel_cf.md,
869,https://github.com/thyagoquintas/jquery-cookie,README.md,thyagoquintas.jquery-cookie.md,
870,https://github.com/NorthIsUp/skeleton,README.rst,NorthIsUp.skeleton.rst,
871,https://github.com/netbe/Specs,README.md,netbe.Specs.md,
872,https://github.com/gtg272f/ProgrammingAssignment2,README.md,gtg272f.ProgrammingAssignment2.md,
873,https://github.com/eroen/syslog-ng,README.md,eroen.syslog-ng.md,
874,https://github.com/kevinem/nonprofit-explorer-php,README.md,kevinem.nonprofit-explorer-php.md,
875,https://github.com/adamjerickson/gitbook,README.md,adamjerickson.gitbook.md,
876,https://github.com/simonlui/OpENer,README.md,simonlui.OpENer.md,
877,https://github.com/zachnoren/blooprint.xyz,README.md,zachnoren.blooprint.xyz.md,
878,https://github.com/KakoDev/roundcubemail,README.md,KakoDev.roundcubemail.md,
879,https://github.com/SafeMarket/wafr,README.md,SafeMarket.wafr.md,
880,https://github.com/francoabaroa/algorithms-sedgewick,README.md,francoabaroa.algorithms-sedgewick.md,
881,https://github.com/k504866430/origin,README.md,k504866430.origin.md,
882,https://github.com/rudiakim/javascript-intro-to-functions-lab-js-intro-kwk,README.md,rudiakim.javascript-intro-to-functions-lab-js-intro-kwk.md,
883,https://github.com/nadrane/competitive_search,readme.md,nadrane.competitive_search.md,
884,https://github.com/LaughingBuddhaGames/xblock-sdk,README.rst,LaughingBuddhaGames.xblock-sdk.rst,
885,https://github.com/Jastine94/CPSC_310,README.md,Jastine94.CPSC_310.md,
886,https://github.com/mburleigh/core,README.md,mburleigh.core.md,
887,https://github.com/Netsoro/PythonDataScienceHandbook,README.md,Netsoro.PythonDataScienceHandbook.md,
888,https://github.com/evejweinberg/ttt-7-valid-move-v-000,README.md,evejweinberg.ttt-7-valid-move-v-000.md,
889,https://github.com/LeeDarren/create-your-own-adventure,README.md,LeeDarren.create-your-own-adventure.md,
890,https://github.com/webplumbr/uql-backend,README.md,webplumbr.uql-backend.md,
891,https://github.com/duongnv1996/Calligraphy,README.md,duongnv1996.Calligraphy.md,
892,https://github.com/MeKarina/react-native-navigation,README.md,MeKarina.react-native-navigation.md,
893,https://github.com/stanosky/compiler-util,README.md,stanosky.compiler-util.md,
894,https://github.com/diffeo/OpenSextantToolbox,README.md,diffeo.OpenSextantToolbox.md,
895,https://github.com/LaughingBuddhaGames/XBlock,README.rst,LaughingBuddhaGames.XBlock.rst,
896,https://github.com/venkat9099/ui-router,README.md,venkat9099.ui-router.md,
897,https://github.com/ALSchwalm/HexRaysCodeXplorer,README.md,ALSchwalm.HexRaysCodeXplorer.md,
898,https://github.com/duongnv1996/AndroidViewAnimations,README.md,duongnv1996.AndroidViewAnimations.md,
899,https://github.com/yazici-tuncay/yazici-tuncay.github.io,README.adoc,yazici-tuncay.yazici-tuncay.github.io.adoc,
900,https://github.com/YingboMa/RadauBVP.jl,README.md,YingboMa.RadauBVP.jl.md,
901,https://github.com/dnsl48/wagtail,README.rst,dnsl48.wagtail.rst,
902,https://github.com/peuek/APYDataGridBundle,README.md,peuek.APYDataGridBundle.md,
903,https://github.com/ingydotnet/cpanminus,README.md,ingydotnet.cpanminus.md,
904,https://github.com/Crylock/bottle,README.md,Crylock.bottle.md,
905,https://github.com/seven1m/hackernews,README.rdoc,seven1m.hackernews.rdoc,
906,https://github.com/shingara/twitterland,README.markdown,shingara.twitterland.markdown,
907,https://github.com/remogatto/jsc,README.rdoc,remogatto.jsc.rdoc,
908,https://github.com/ehaselwanter/radiant-globalize2-extension,readme.md,ehaselwanter.radiant-globalize2-extension.md,
909,https://github.com/niquola/conditioner,README.rdoc,niquola.conditioner.rdoc,
910,https://github.com/udoprog/musync,README.md,udoprog.musync.md,
911,https://github.com/varyform/acts_as_archive,README.markdown,varyform.acts_as_archive.markdown,
912,https://github.com/brettgoulder/django-smuggler,README.rst,brettgoulder.django-smuggler.rst,
913,https://github.com/scarpenter/machine.specifications,README.markdown,scarpenter.machine.specifications.markdown,
914,https://github.com/pjstadig/emacs-starter-kit,README.markdown,pjstadig.emacs-starter-kit.markdown,
915,https://github.com/kkasravi/do,README.markdown,kkasravi.do.markdown,
916,https://github.com/pr1001/aggregate.js,README.markdown,pr1001.aggregate.js.markdown,
917,https://github.com/samlown/thecosmonaut.org,README.textile,samlown.thecosmonaut.org.textile,
918,https://github.com/johnnyhg/rfetion,README.textile,johnnyhg.rfetion.textile,
919,https://github.com/lkdamer/adopt-a-tree,README.md,lkdamer.adopt-a-tree.md,
920,https://github.com/Ghoughpteighbteau/openscad,README.md,Ghoughpteighbteau.openscad.md,
921,https://github.com/learn-usertoken/express-admin,README.md,learn-usertoken.express-admin.md,
922,https://github.com/hellowin/angular-spinner,README.md,hellowin.angular-spinner.md,
923,https://github.com/medmond/PagerSlidingTabStrip,README.md,medmond.PagerSlidingTabStrip.md,
924,https://github.com/iamhl13/StupidPetTricks_I,README.md,iamhl13.StupidPetTricks_I.md,
925,https://github.com/akshay12489/StupidPetTricks_I,README.md,akshay12489.StupidPetTricks_I.md,
926,https://github.com/yanmengv/Anypic,README.md,yanmengv.Anypic.md,
927,https://github.com/spectre013/prisma,README.md,spectre013.prisma.md,
928,https://github.com/marblegravy/ghostion,README.md,marblegravy.ghostion.md,
929,https://github.com/TribeMedia/Flock,README.md,TribeMedia.Flock.md,
930,https://github.com/unseenline/skicka,README.md,unseenline.skicka.md,
931,https://github.com/sramil/xamarin-forms-samples,README.md,sramil.xamarin-forms-samples.md,
932,https://github.com/Laharah/calibre-access,README.md,Laharah.calibre-access.md,
933,https://github.com/theckman/goas,README.md,theckman.goas.md,
934,https://github.com/SolidDigital/magic-focus-finder,README.md,SolidDigital.magic-focus-finder.md,
935,https://github.com/lannon/filemaker-ruby,README.md,lannon.filemaker-ruby.md,
936,https://github.com/akerekes/redis-collectd-plugin,README.md,akerekes.redis-collectd-plugin.md,
937,https://github.com/mynew7/DeathCore_3.3.5_New_Races,README.md,mynew7.DeathCore_3.3.5_New_Races.md,
938,https://github.com/Trioblack/MaterialWidget,README.md,Trioblack.MaterialWidget.md,
939,https://github.com/denley/courier,README.md,denley.courier.md,
940,https://github.com/wboubi/retrobian,README.md,wboubi.retrobian.md,
941,https://github.com/ordimini/ardupilot,README.md,ordimini.ardupilot.md,
942,https://github.com/paolodm/angular-load,README.md,paolodm.angular-load.md,
943,https://github.com/garytaylor/puffing-billy,README.md,garytaylor.puffing-billy.md,
944,https://github.com/spiffyjr/spiffy-event,README.md,spiffyjr.spiffy-event.md,
945,https://github.com/smondal7676/turn.js,readme.md,smondal7676.turn.js.md,
946,https://github.com/justpic/tornado-nginx-post-action-example,README.md,justpic.tornado-nginx-post-action-example.md,
947,https://github.com/RaniaRho/rosdistro,README.md,RaniaRho.rosdistro.md,
948,https://github.com/alanszp/marvel,README.md,alanszp.marvel.md,
949,https://github.com/tottaz/Basic-Python-RESTful-Server,README.md,tottaz.Basic-Python-RESTful-Server.md,
950,https://github.com/xibman/twitter-bootstrap-rails-confirm,README.md,xibman.twitter-bootstrap-rails-confirm.md,
951,https://github.com/ruby/rurema-search,README.rdoc,ruby.rurema-search.rdoc,
952,https://github.com/plow-technologies/conduit,README.md,plow-technologies.conduit.md,
953,https://github.com/lagden/jQuery-Form-Validator,README.md,lagden.jQuery-Form-Validator.md,
954,https://github.com/KupriyanovOleg/spreadsheet,README.md,KupriyanovOleg.spreadsheet.md,
955,https://github.com/bestwebsoft/bestwebsoft-google-analytics-wordpress-plugin,README.md,bestwebsoft.bestwebsoft-google-analytics-wordpress-plugin.md,
956,https://github.com/Fissura/lesson4,README.md,Fissura.lesson4.md,
957,https://github.com/softr8/spree_auth_devise,README.md,softr8.spree_auth_devise.md,
958,https://github.com/rememberedbound/znc,README.md,rememberedbound.znc.md,
959,https://github.com/dannoyer305/libgdx,README.md,dannoyer305.libgdx.md,
960,https://github.com/mblue002/BLE_HCI,README.md,mblue002.BLE_HCI.md,
961,https://github.com/coreymcmahon/flysystem,readme.md,coreymcmahon.flysystem.md,
962,https://github.com/prabhudamodharan/spring-boot,README.adoc,prabhudamodharan.spring-boot.adoc,
963,https://github.com/utkarshx/tagspaces,README.md,utkarshx.tagspaces.md,
964,https://github.com/eddyystop/CrazyGlue,README.md,eddyystop.CrazyGlue.md,
965,https://github.com/flip111/DoctrineExtensions-1,README.md,flip111.DoctrineExtensions-1.md,
966,https://github.com/shoonoise/lua-nginx-statistics,README.md,shoonoise.lua-nginx-statistics.md,
967,https://github.com/csknk/student,README.md,csknk.student.md,
968,https://github.com/YaaL/grunt-bower-release,README.md,YaaL.grunt-bower-release.md,
969,https://github.com/tgerring/go-ethereum,README.md,tgerring.go-ethereum.md,
970,https://github.com/Internecine/openmw,README.md,Internecine.openmw.md,
971,https://github.com/nattaponv/vboxdeploy,README.md,nattaponv.vboxdeploy.md,
972,https://github.com/pyboosted/haxe,README.md,pyboosted.haxe.md,
973,https://github.com/beingsagir/angular-seed,README.md,beingsagir.angular-seed.md,
974,https://github.com/atiq1589/AngularPlus,README.md,atiq1589.AngularPlus.md,
975,https://github.com/soyoungboy/EasyAnroid,README.md,soyoungboy.EasyAnroid.md,
976,https://github.com/zhaimi/dexposed,README.md,zhaimi.dexposed.md,
977,https://github.com/huachangzha/Ionic-Material,README.md,huachangzha.Ionic-Material.md,
978,https://github.com/luzefeng/DoubanFM,README.md,luzefeng.DoubanFM.md,
979,https://github.com/yinzara/greenDAO,README.md,yinzara.greenDAO.md,
980,https://github.com/adover/frontend,README.md,adover.frontend.md,
981,https://github.com/colonia/publicize-with-hashtags-by-colonia,README.md,colonia.publicize-with-hashtags-by-colonia.md,
982,https://github.com/Ext3h/nosql-crawler,README.md,Ext3h.nosql-crawler.md,
983,https://github.com/DelphiGeek/Virtual-TreeView,README.md,DelphiGeek.Virtual-TreeView.md,
984,https://github.com/werwe/android-flux-todo-app,README.md,werwe.android-flux-todo-app.md,
985,https://github.com/Sylvain-Bugat/salt-step,README.md,Sylvain-Bugat.salt-step.md,
986,https://github.com/pro100frol/chef_handler,README.md,pro100frol.chef_handler.md,
987,https://github.com/julapy/ofxUI,README.md,julapy.ofxUI.md,
988,https://github.com/xiayangy/XCL-Charts,README.md,xiayangy.XCL-Charts.md,
989,https://github.com/simman/LCActionSheet,README.md,simman.LCActionSheet.md,
990,https://github.com/paked/esoteric-adventures,README.md,paked.esoteric-adventures.md,
991,https://github.com/xiayangy/AChartEngine,README.md,xiayangy.AChartEngine.md,
992,https://github.com/sungtaek/simple-stax,README.md,sungtaek.simple-stax.md,
993,https://github.com/lastperson/go-ethereum,README.md,lastperson.go-ethereum.md,
994,https://github.com/DubledPark/Zero,README.md,DubledPark.Zero.md,
995,https://github.com/saisri58/chatAppp,README.md,saisri58.chatAppp.md,
996,https://github.com/myarchive/demo-hugo,README.md,myarchive.demo-hugo.md,
997,https://github.com/JackyAnn/gradle.plugin.greenrobot.eventbus,README.md,JackyAnn.gradle.plugin.greenrobot.eventbus.md,
998,https://github.com/prajnatp/framework,README.md,prajnatp.framework.md,
999,https://github.com/HKMOpen/MoveMapLocation,README.md,HKMOpen.MoveMapLocation.md,
